proposed_id	label	definition	definition_source	parent	synonyms	xrefs	subset	priority	observations	traits_addressed
ID	LABEL	A IAO:0000115	>A IAO:0000119	SC %	A oboInOwl:hasExactSynonym SPLIT=|	A oboInOwl:hasDbXref SPLIT=|	A oboInOwl:inSubset			
METPO:1008000	community-relevant metal context	A top-level framing class for metal- and rare-earth-element interactions of a microbial community, capturing which metals are present, which are rare-earth elements, and how relevant metals are to the community's function.	CommunityMech:communitymech.yaml#MicrobialCommunity.metals_present	METPO:1007100	community metal context|community metals framing		metpo_communitymech_metals_2026_05	HIGH		top-level domain class for the metals cohort
METPO:1008001	community-relevant metal element	A METPO grouping class for metal elements that microbial communities can interact with - present in, oxidize, reduce, sequester, leach, or otherwise metabolize. Per CommunityMech.schema, each enum value carries a CHEBI cross-reference and the per-element leaves SHOULD reuse the existing CHEBI IRIs rather than minting fresh METPO classes; this parent provides the METPO-side grouping anchor.	CommunityMech:communitymech.yaml#MetalElementEnum	METPO:1008000	community-relevant metal|metal element category|community metal element		metpo_communitymech_metals_2026_05	HIGH		enum-parent for MetalElementEnum; CHEBI IRIs are the per-element leaves (see proposal.md)
METPO:1008002	community-relevant rare earth element	A METPO grouping class for the rare-earth elements (lanthanides plus Y, Sc) that microbial communities can interact with. Per CommunityMech.schema, each enum value carries a CHEBI cross-reference and the per-element leaves SHOULD reuse the existing CHEBI IRIs rather than minting fresh METPO classes; this parent provides the METPO-side grouping anchor.	CommunityMech:communitymech.yaml#RareEarthElementEnum	METPO:1008000	community-relevant REE|rare earth element category|community REE element		metpo_communitymech_metals_2026_05	HIGH		enum-parent for RareEarthElementEnum; CHEBI IRIs are the per-element leaves (see proposal.md)
METPO:1008003	community metal relevance level	A grouping class for the qualitative severity with which metal or rare-earth-element cycling characterizes a microbial community, ranging from primary defining function through significant participation to incidental or non-applicable.	CommunityMech:communitymech.yaml#MetalRelevanceEnum	METPO:1008000	metal relevance category|metal/REE relevance level		metpo_communitymech_metals_2026_05	HIGH		enum-parent for MetalRelevanceEnum
METPO:1008010	primary metal relevance	A metal-relevance level indicating that metal or rare-earth-element extraction or cycling is a primary function of the microbial community (e.g., biomining communities, acid mine drainage chemolithoautotrophs).	CommunityMech:communitymech.yaml#MetalRelevanceEnum.PRIMARY	METPO:1008003	primary metal-cycling relevance		metpo_communitymech_metals_2026_05	HIGH		MetalRelevanceEnum.PRIMARY
METPO:1008011	significant metal relevance	A metal-relevance level indicating that the microbial community participates significantly in metal or rare-earth-element metabolism but it is not the community's primary function.	CommunityMech:communitymech.yaml#MetalRelevanceEnum.SIGNIFICANT	METPO:1008003	significant metal-cycling participation		metpo_communitymech_metals_2026_05	HIGH		MetalRelevanceEnum.SIGNIFICANT
METPO:1008012	incidental metal relevance	A metal-relevance level indicating an incidental metal or rare-earth-element interaction in the microbial community (e.g., trace metals are present but not actively cycled).	CommunityMech:communitymech.yaml#MetalRelevanceEnum.INCIDENTAL	METPO:1008003	incidental metal interaction		metpo_communitymech_metals_2026_05	MEDIUM		MetalRelevanceEnum.INCIDENTAL
METPO:1008013	not-applicable metal relevance	A metal-relevance level indicating that the microbial community has no significant metal or rare-earth-element relevance (default for communities focused on non-metal substrates).	CommunityMech:communitymech.yaml#MetalRelevanceEnum.NOT_APPLICABLE	METPO:1008003	no metal relevance		metpo_communitymech_metals_2026_05	MEDIUM		MetalRelevanceEnum.NOT_APPLICABLE
