# mapping: NCBI2GTDB.tsv.gz	bytes=2895086	mtime=1785022111
# taxa=578	flips=5
ncbi_id	label	aggregate_gtdb_id	aggregate_fraction	deepest_gtdb_id	deepest_fraction	flip	direction
NCBITaxon:100176	Papillibacter cinnamivorans	GTDB:s__Papillibacter_cinnamivorans	1.0	GTDB:s__Papillibacter_cinnamivorans	1.0		
NCBITaxon:100226	Streptomyces coelicolor A3(2)	GTDB:s__Streptomyces_anthocyanicus	1.0	GTDB:s__Streptomyces_anthocyanicus	1.0		
NCBITaxon:101510	Rhodococcus jostii RHA1	GTDB:s__Rhodococcus_jostii_A	1.0	GTDB:s__Rhodococcus_jostii_A	1.0		
NCBITaxon:1021	Beggiatoa	GTDB:g__Beggiatoa	0.75	GTDB:g__Beggiatoa	0.727		
NCBITaxon:10239	Viruses	NONE		NONE			
NCBITaxon:1031	Thiothrix nivea	GTDB:s__Thiothrix_nivea	1.0	GTDB:s__Thiothrix_nivea	1.0		
NCBITaxon:1033	Afipia	GTDB:g__Afipia	0.957	GTDB:g__Afipia	0.955		
NCBITaxon:105841	Anaerostipes caccae	GTDB:s__Anaerostipes_caccae	1.0	GTDB:s__Anaerostipes_caccae	1.0		
NCBITaxon:105972	Methylosarcina fibrata	GTDB:s__Methylosarcina_fibrata	1.0	GTDB:s__Methylosarcina_fibrata	1.0		
NCBITaxon:1061	Rhodobacter capsulatus	GTDB:s__Rhodobacter_capsulatus_B	1.0	GTDB:s__Rhodobacter_capsulatus_B	1.0		
NCBITaxon:1064	Rhodocyclus	GTDB:g__Rhodocyclus	1.0	GTDB:g__Rhodocyclus	1.0		
NCBITaxon:106591	Ensifer	GTDB:g__Ensifer	0.745	GTDB:g__Ensifer	0.745		
NCBITaxon:106592	Ensifer adhaerens	GTDB:s__Ensifer_canadensis	1.0	GTDB:s__Ensifer_canadensis	1.0		
NCBITaxon:1072583	Vreelandella boliviensis LC1	GTDB:s__Vreelandella_boliviensis	1.0	GTDB:s__Vreelandella_boliviensis	1.0		
NCBITaxon:1076	Rhodopseudomonas palustris	AMBIGUOUS		AMBIGUOUS			
NCBITaxon:1078905	Nitrosotalea devaniterrae	GTDB:s__Nitrosotalea_devanaterra	1.0	GTDB:s__Nitrosotalea_devanaterra	1.0		
NCBITaxon:1089553	Thermacetogenium phaeum DSM 12270	GTDB:s__Thermacetogenium_phaeum	1.0	GTDB:s__Thermacetogenium_phaeum	1.0		
NCBITaxon:1090	Chlorobiota	GTDB:p__Bacteroidota	0.989	GTDB:p__Bacteroidota	0.989		
NCBITaxon:1091494	Methylotuvimicrobium alcaliphilum 20Z	GTDB:s__Methylotuvimicrobium_alcaliphilum	1.0	GTDB:s__Methylotuvimicrobium_alcaliphilum	1.0		
NCBITaxon:110321	Sinorhizobium medicae	GTDB:s__Sinorhizobium_medicae	1.0	GTDB:s__Sinorhizobium_medicae	1.0		
NCBITaxon:110500	Pelotomaculum thermopropionicum	GTDB:s__Pelotomaculum_thermopropionicum	1.0	GTDB:s__Pelotomaculum_thermopropionicum	1.0		
NCBITaxon:1107	Chloroflexus	GTDB:g__Chloroflexus	1.0	GTDB:g__Chloroflexus	1.0		
NCBITaxon:110932	Leifsonia	GTDB:g__Leifsonia	0.75	GTDB:g__Leifsonia	0.75		
NCBITaxon:1117	Cyanobacteriota	GTDB:p__Cyanobacteriota	0.998	GTDB:p__Cyanobacteriota	0.998		
NCBITaxon:1122947	Pelosinus fermentans DSM 17108	GTDB:s__Pelosinus_fermentans	1.0	GTDB:s__Pelosinus_fermentans	1.0		
NCBITaxon:1125	Microcystis <cyanobacteria>	GTDB:g__Microcystis	0.991	GTDB:g__Microcystis	0.991		
NCBITaxon:1125364	Coccomyxa onubensis	NONE		NONE			
NCBITaxon:1129	Synechococcus	AMBIGUOUS		AMBIGUOUS			
NCBITaxon:1130819	Lysinibacillus mangiferihumi	GTDB:s__Lysinibacillus_mangiferihumi	1.0	GTDB:s__Lysinibacillus_mangiferihumi	1.0		
NCBITaxon:1131703	Sphaerochaeta globosa	GTDB:s__Sphaerochaeta_globosa	1.0	GTDB:s__Sphaerochaeta_globosa	1.0		
NCBITaxon:1134404	Ignavibacteriota	GTDB:p__Bacteroidota	0.987	GTDB:p__Bacteroidota	0.987		
NCBITaxon:1140	Synechococcus elongatus PCC 7942 = FACHB-805	GTDB:s__Synechococcus_elongatus	1.0	GTDB:s__Synechococcus_elongatus	1.0		
NCBITaxon:1163	Anabaena	AMBIGUOUS		AMBIGUOUS			
NCBITaxon:1165	Anabaena cylindrica	AMBIGUOUS		AMBIGUOUS			
NCBITaxon:117187	Fusarium verticillioides	NONE		NONE			
NCBITaxon:1175444	Methanocella conradii	GTDB:s__Methanocella_conradii	1.0	GTDB:s__Methanocella_conradii	1.0		
NCBITaxon:1176259	Pseudomonas songnenensis	GTDB:s__Stutzerimonas_songnenensis	1.0	GTDB:s__Stutzerimonas_songnenensis	1.0		
NCBITaxon:1179	Desmonostoc muscorum	AMBIGUOUS		AMBIGUOUS			
NCBITaxon:1183412	Agrobacterium deltae	GTDB:s__Agrobacterium_leguminum	1.0	GTDB:s__Agrobacterium_leguminum	1.0		
NCBITaxon:118562	Limnospira platensis	AMBIGUOUS		AMBIGUOUS			
NCBITaxon:118667	Bordetella sp. M1-6	NONE		NONE			
NCBITaxon:118669	Pseudoxanthomonas sp. M1-3	NONE		NONE			
NCBITaxon:119060	Burkholderiaceae	GTDB:f__Burkholderiaceae	1.0	GTDB:f__Burkholderiaceae	0.999		
NCBITaxon:119219	Cupriavidus metallidurans	GTDB:s__Cupriavidus_metallidurans	1.0	GTDB:s__Cupriavidus_metallidurans	1.0		
NCBITaxon:119484	Syntrophobacter fumaroxidans	GTDB:s__Syntrophobacter_fumaroxidans	1.0	GTDB:s__Syntrophobacter_fumaroxidans	1.0		
NCBITaxon:119532	Microcoleus vaginatus	AMBIGUOUS		AMBIGUOUS			
NCBITaxon:119977	Acidithiobacillus	GTDB:g__Acidithiobacillus	0.724	GTDB:g__Acidithiobacillus	0.819		
NCBITaxon:120961	Roseiflexus	GTDB:g__Roseiflexus	1.0	GTDB:g__Roseiflexus	1.0		
NCBITaxon:121039	Ferrimicrobium acidiphilum	GTDB:s__Ferrimicrobium_acidiphilum	1.0	GTDB:s__Ferrimicrobium_acidiphilum	1.0		
NCBITaxon:1215089	Planococcus halocryophilus	GTDB:s__Planococcus_halocryophilus	1.0	GTDB:s__Planococcus_halocryophilus	1.0		
NCBITaxon:1218105	Cupriavidus necator NBRC 102504	GTDB:s__Cupriavidus_necator_D	1.0	GTDB:s__Cupriavidus_necator_D	1.0		
NCBITaxon:1219	Prochlorococcus marinus	AMBIGUOUS		AMBIGUOUS			
NCBITaxon:1224	Pseudomonadota	GTDB:p__Pseudomonadota	1.0	GTDB:p__Pseudomonadota	1.0		
NCBITaxon:1234	Nitrospira	AMBIGUOUS		AMBIGUOUS			
NCBITaxon:1236	Gammaproteobacteria	GTDB:c__Gammaproteobacteria	1.0	GTDB:c__Gammaproteobacteria	1.0		
NCBITaxon:1239	Bacillota	GTDB:p__Bacillota_A	0.55	GTDB:p__Bacillota_A	0.746		
NCBITaxon:1243	Leuconostoc	GTDB:g__Leuconostoc	0.99	GTDB:g__Leuconostoc	0.995		
NCBITaxon:1245	Leuconostoc mesenteroides	GTDB:s__Leuconostoc_mesenteroides	0.99	GTDB:s__Leuconostoc_mesenteroides	0.99		
NCBITaxon:1253	Pediococcus	GTDB:g__Pediococcus	1.0	GTDB:g__Pediococcus	1.0		
NCBITaxon:1261393	Desulfatiglans parachlorophenolica	NONE		NONE			
NCBITaxon:1264	Hominimerdicola alba	NONE		NONE			
NCBITaxon:1269	Micrococcus	GTDB:g__Micrococcus	0.997	GTDB:g__Micrococcus	0.996		
NCBITaxon:1272	Kocuria varians	NONE		NONE			
NCBITaxon:1279	Staphylococcus	GTDB:g__Staphylococcus	0.993	GTDB:g__Staphylococcus	0.963		
NCBITaxon:1280	Staphylococcus aureus	GTDB:s__Staphylococcus_aureus	1.0	GTDB:s__Staphylococcus_aureus	1.0		
NCBITaxon:12916	Acidovorax	GTDB:g__Acidovorax	0.867	GTDB:g__Acidovorax	0.848		
NCBITaxon:1303	Streptococcus oralis	AMBIGUOUS		AMBIGUOUS			
NCBITaxon:1304	Streptococcus salivarius	AMBIGUOUS		AMBIGUOUS			
NCBITaxon:1305	Streptococcus sanguinis	AMBIGUOUS		AMBIGUOUS			
NCBITaxon:1308	Streptococcus thermophilus	GTDB:s__Streptococcus_thermophilus	0.99	GTDB:s__Streptococcus_thermophilus	0.99		
NCBITaxon:1309	Streptococcus mutans	GTDB:s__Streptococcus_mutans	1.0	GTDB:s__Streptococcus_mutans	1.0		
NCBITaxon:131567	cellular organisms	NONE		NONE			
NCBITaxon:1317	Streptococcus downei	GTDB:s__Streptococcus_downei	1.0	GTDB:s__Streptococcus_downei	1.0		
NCBITaxon:133	Methylocystis	GTDB:g__Methylocystis	0.952	GTDB:g__Methylocystis	0.948		
NCBITaxon:1335	Streptococcus equinus	AMBIGUOUS		AMBIGUOUS			
NCBITaxon:1335640	Clostridium saccharoperbutylacetonicum N1-4	NONE		NONE			
NCBITaxon:1336235	Paenirhizobium selenitireducens ATCC BAA-1503	NONE		NONE			
NCBITaxon:13366	Brettanomyces	NONE		NONE			
NCBITaxon:133926	Olsenella uli	GTDB:s__Olsenella_uli	1.0	GTDB:s__Olsenella_uli	1.0		
NCBITaxon:134	Methylocystis parvus	GTDB:s__Methylocystis_parva	1.0	GTDB:s__Methylocystis_parva	1.0		
NCBITaxon:1344414	Trichoderma reesei RUT C-30	NONE		NONE			
NCBITaxon:1350	Enterococcus	GTDB:g__Enterococcus_B	0.596	AMBIGUOUS		FLIP	loses grounding
NCBITaxon:1350461	Synechococcus elongatus UTEX 2973	GTDB:s__Synechococcus_elongatus	1.0	GTDB:s__Synechococcus_elongatus	1.0		
NCBITaxon:1351	Enterococcus faecalis	GTDB:s__Enterococcus_faecalis	1.0	GTDB:s__Enterococcus_faecalis	1.0		
NCBITaxon:135614	Lysobacterales	GTDB:o__Xanthomonadales	1.0	GTDB:o__Xanthomonadales	0.999		
NCBITaxon:135619	Oceanospirillales	GTDB:o__Pseudomonadales	0.968	GTDB:o__Pseudomonadales	0.966		
NCBITaxon:1358	Lactococcus lactis	GTDB:s__Lactococcus_lactis	0.92	GTDB:s__Lactococcus_lactis	0.92		
NCBITaxon:13687	Sphingomonas	GTDB:g__Sphingomonas	0.777	GTDB:g__Sphingomonas	0.742		
NCBITaxon:1377992	Halovenus	GTDB:g__Halovenus	1.0	GTDB:g__Halovenus	1.0		
NCBITaxon:1379858	Mucispirillum schaedleri ASF457	GTDB:s__Mucispirillum_schaedleri	1.0	GTDB:s__Mucispirillum_schaedleri	1.0		
NCBITaxon:138074	Serratia symbiotica	AMBIGUOUS		AMBIGUOUS			
NCBITaxon:1384459	Methyloceanibacter caenitepidi	GTDB:s__Methyloceanibacter_caenitepidi	1.0	GTDB:s__Methyloceanibacter_caenitepidi	1.0		
NCBITaxon:1386	Bacillus <firmicutes>	GTDB:g__Bacillus	0.508	AMBIGUOUS		FLIP	loses grounding
NCBITaxon:1396	Bacillus cereus	AMBIGUOUS		AMBIGUOUS			
NCBITaxon:1398	Heyndrickxia coagulans	AMBIGUOUS		AMBIGUOUS			
NCBITaxon:1401	Paenibacillus lautus	GTDB:s__Paenibacillus_lautus	1.0	GTDB:s__Paenibacillus_lautus	1.0		
NCBITaxon:1402	Bacillus licheniformis	GTDB:s__Bacillus_licheniformis	0.98	GTDB:s__Bacillus_licheniformis	0.98		
NCBITaxon:1404	Priestia megaterium	AMBIGUOUS		AMBIGUOUS			
NCBITaxon:1421	Lysinibacillus sphaericus	AMBIGUOUS		AMBIGUOUS			
NCBITaxon:142182	Gemmatimonadota	GTDB:p__Gemmatimonadota	1.0	GTDB:p__Gemmatimonadota	1.0		
NCBITaxon:1423	Bacillus subtilis	GTDB:s__Bacillus_subtilis	0.91	GTDB:s__Bacillus_subtilis	0.91		
NCBITaxon:1428	Bacillus thuringiensis	AMBIGUOUS		AMBIGUOUS			
NCBITaxon:1432792	Methylocaldum marinum	GTDB:s__Methylocaldum_marinum	1.0	GTDB:s__Methylocaldum_marinum	1.0		
NCBITaxon:1434011	Komagataeibacter	GTDB:g__Komagataeibacter	0.973	GTDB:g__Komagataeibacter	0.948		
NCBITaxon:1434019	Mameliella	GTDB:g__Mameliella	0.905	GTDB:g__Mameliella	0.905		
NCBITaxon:1436290	Candidatus Symbiobacter mobilis	GTDB:s__Symbiobacter_mobilis	1.0	GTDB:s__Symbiobacter_mobilis	1.0		
NCBITaxon:145262	Methanothermobacter thermautotrophicus	GTDB:s__Methanothermobacter_thermautotrophicus	1.0	GTDB:s__Methanothermobacter_thermautotrophicus	1.0		
NCBITaxon:1462422	Candidatus Parvarchaeota	NONE		NONE			
NCBITaxon:146918	Salinibacter	GTDB:g__Salinibacter	1.0	GTDB:g__Salinibacter	1.0		
NCBITaxon:1485	Clostridium	AMBIGUOUS		AMBIGUOUS			
NCBITaxon:1492	Clostridium butyricum	GTDB:s__Clostridium_butyricum	0.97	GTDB:s__Clostridium_butyricum	0.97		
NCBITaxon:149698	Massilia	GTDB:g__Telluria	0.905	GTDB:g__Telluria	0.905		
NCBITaxon:1501	Clostridium pasteurianum	GTDB:s__Clostridium_I_pasteurianum	1.0	GTDB:s__Clostridium_I_pasteurianum	1.0		
NCBITaxon:1501972	Brevundimonas sp. R3	NONE		NONE			
NCBITaxon:1515	Acetivibrio thermocellus	GTDB:s__Hungateiclostridium_thermocellum	1.0	GTDB:s__Hungateiclostridium_thermocellum	1.0		
NCBITaxon:1517	Thermoanaerobacterium thermosaccharolyticum	GTDB:s__Thermoanaerobacterium_thermosaccharolyticum	1.0	GTDB:s__Thermoanaerobacterium_thermosaccharolyticum	1.0		
NCBITaxon:151783	Cupriavidus campinensis	GTDB:s__Cupriavidus_campinensis	1.0	GTDB:s__Cupriavidus_campinensis	1.0		
NCBITaxon:1519	Clostridium tyrobutyricum	GTDB:s__Clostridium_B_tyrobutyricum	0.97	GTDB:s__Clostridium_B_tyrobutyricum	0.97		
NCBITaxon:1521	Ruminiclostridium cellulolyticum	GTDB:s__Ruminiclostridium_cellulolyticum	1.0	GTDB:s__Ruminiclostridium_cellulolyticum	1.0		
NCBITaxon:1521555	Eucapsis	NONE		NONE			
NCBITaxon:1534	Clostridium kluyveri	GTDB:s__Clostridium_B_kluyveri	1.0	GTDB:s__Clostridium_B_kluyveri	1.0		
NCBITaxon:1538	Clostridium ljungdahlii	GTDB:s__Clostridium_B_ljungdahlii	1.0	GTDB:s__Clostridium_B_ljungdahlii	1.0		
NCBITaxon:1546519	Sulfitobacter sp. SA11	NONE		NONE			
NCBITaxon:1547	Thomasclavelia ramosa	GTDB:s__Thomasclavelia_ramosa	0.99	GTDB:s__Thomasclavelia_ramosa	0.99		
NCBITaxon:1571157	Coniochaeta sp. 2T2.1	NONE		NONE			
NCBITaxon:1577725	Conticribra weissflogii	NONE		NONE			
NCBITaxon:1578	Lactobacillus	GTDB:g__Lactobacillus	0.971	GTDB:g__Lactobacillus	0.941		
NCBITaxon:1582	Lacticaseibacillus casei	GTDB:s__Lacticaseibacillus_paracasei	1.0	GTDB:s__Lacticaseibacillus_paracasei	1.0		
NCBITaxon:1585	Lactobacillus delbrueckii subsp. bulgaricus	GTDB:s__Lactobacillus_delbrueckii	1.0	GTDB:s__Lactobacillus_delbrueckii	1.0		
NCBITaxon:1589	Lactiplantibacillus pentosus	GTDB:s__Lactiplantibacillus_pentosus	0.99	GTDB:s__Lactiplantibacillus_pentosus	0.99		
NCBITaxon:1590	Lactiplantibacillus plantarum	GTDB:s__Lactiplantibacillus_plantarum	1.0	GTDB:s__Lactiplantibacillus_plantarum	1.0		
NCBITaxon:159743	Paenibacillus terrae	NONE		NONE			
NCBITaxon:16	Methylophilus	GTDB:g__Methylophilus	1.0	GTDB:g__Methylophilus	1.0		
NCBITaxon:160488	Pseudomonas putida KT2440	GTDB:s__Pseudomonas_E_alloputida	1.0	GTDB:s__Pseudomonas_E_alloputida	1.0		
NCBITaxon:1605331	Microbacterium sp. UYFA68	NONE		NONE			
NCBITaxon:160808	Acidithiobacillus ferrivorans	GTDB:s__Acidithiobacillus_ferrivorans	0.95	GTDB:s__Acidithiobacillus_ferrivorans	0.95		
NCBITaxon:161493	Anaeromyxobacter dehalogenans	AMBIGUOUS		AMBIGUOUS			
NCBITaxon:1646340	Kosakonia pseudosacchari	GTDB:s__Kosakonia_pseudosacchari	1.0	GTDB:s__Kosakonia_pseudosacchari	1.0		
NCBITaxon:1655	Actinomyces naeslundii	GTDB:s__Actinomyces_naeslundii	0.96	GTDB:s__Actinomyces_naeslundii	0.96		
NCBITaxon:165695	Sphingobium	GTDB:g__Sphingobium	0.993	GTDB:g__Sphingobium	0.993		
NCBITaxon:166486	Roseburia intestinalis	GTDB:s__Roseburia_intestinalis	1.0	GTDB:s__Roseburia_intestinalis	1.0		
NCBITaxon:1667	Arthrobacter sp.	NONE		NONE			
NCBITaxon:1673428	Cuniculiplasma divulgatum	NONE		NONE			
NCBITaxon:1678	Bifidobacterium	GTDB:g__Bifidobacterium	0.998	GTDB:g__Bifidobacterium	0.998		
NCBITaxon:1681	Bifidobacterium bifidum	GTDB:s__Bifidobacterium_bifidum	1.0	GTDB:s__Bifidobacterium_bifidum	1.0		
NCBITaxon:1682	Bifidobacterium longum subsp. infantis	GTDB:s__Bifidobacterium_infantis	0.94	GTDB:s__Bifidobacterium_infantis	0.94		
NCBITaxon:168384	Marvinbryantia formatexigens	GTDB:s__Marvinbryantia_formatexigens	1.0	GTDB:s__Marvinbryantia_formatexigens	1.0		
NCBITaxon:1685	Bifidobacterium breve	GTDB:s__Bifidobacterium_breve	1.0	GTDB:s__Bifidobacterium_breve	1.0		
NCBITaxon:169215	Bosea	GTDB:g__Bosea	0.981	GTDB:g__Bosea	0.981		
NCBITaxon:1696	Brevibacterium	GTDB:g__Brevibacterium	0.987	GTDB:g__Brevibacterium	0.983		
NCBITaxon:1699721	Neotibicen canicularis	NONE		NONE			
NCBITaxon:1707	Cellulomonas	GTDB:g__Cellulomonas	0.858	GTDB:g__Cellulomonas	0.859		
NCBITaxon:1708	Cellulomonas fimi	GTDB:s__Cellulomonas_fimi	1.0	GTDB:s__Cellulomonas_fimi	1.0		
NCBITaxon:1718	Corynebacterium glutamicum	GTDB:s__Corynebacterium_glutamicum	0.99	GTDB:s__Corynebacterium_glutamicum	0.99		
NCBITaxon:1763	Mycobacterium	GTDB:g__Mycobacterium	1.0	GTDB:g__Mycobacterium	0.999		
NCBITaxon:1766253	Agathobacter	GTDB:g__Agathobacter	1.0	GTDB:g__Agathobacter	1.0		
NCBITaxon:1769012	Arachidicoccus	GTDB:g__Arachidicoccus	1.0	GTDB:g__Arachidicoccus	1.0		
NCBITaxon:1783273	Patescibacteria group	NONE		NONE			
NCBITaxon:1783276	Nanobdellati	NONE		NONE			
NCBITaxon:1785	Mycobacterium sp.	NONE		NONE			
NCBITaxon:178606	Leptospirillum ferriphilum	GTDB:s__Leptospirillum_A_rubarum	1.0	GTDB:s__Leptospirillum_A_rubarum	1.0		
NCBITaxon:178898	Carboxydocella	GTDB:g__Carboxydocella	1.0	GTDB:g__Carboxydocella	1.0		
NCBITaxon:179	Leptospirillum	GTDB:g__Leptospirillum	0.575	GTDB:g__Leptospirillum_A	0.583	FLIP	different taxon
NCBITaxon:18	Pelobacter	GTDB:g__Syntrophotalea	0.5	GTDB:g__Syntrophotalea	0.583		
NCBITaxon:180	Leptospirillum ferrooxidans	GTDB:s__Leptospirillum_ferrooxidans	1.0	GTDB:s__Leptospirillum_ferrooxidans	1.0		
NCBITaxon:180162	Cetobacterium	GTDB:g__Cetobacterium_A	0.927	GTDB:g__Cetobacterium_A	0.927		
NCBITaxon:1801631	Microcaldota	NONE		NONE			
NCBITaxon:1807132	Candidatus Phormidium alkaliphilum	NONE		NONE			
NCBITaxon:1817801	Candidatus Eiseniibacteriota	NONE		NONE			
NCBITaxon:1822464	Paraburkholderia	GTDB:g__Paraburkholderia	0.988	GTDB:g__Paraburkholderia	0.986		
NCBITaxon:1827	Rhodococcus <high G+C Gram-positive bacteria>	GTDB:g__Rhodococcus	0.996	GTDB:g__Rhodococcus	0.995		
NCBITaxon:1847	Pseudonocardia	GTDB:g__Pseudonocardia	1.0	GTDB:g__Pseudonocardia	1.0		
NCBITaxon:1849822	Paraclostridium	GTDB:g__Paraclostridium	0.995	GTDB:g__Paraclostridium	0.974		
NCBITaxon:186490	Candidatus Palibaumannia cicadellinicola	NONE		NONE			
NCBITaxon:1866885	Mycolicibacterium	GTDB:g__Mycobacterium	0.998	GTDB:g__Mycobacterium	0.997		
NCBITaxon:186801	Clostridia	GTDB:c__Clostridia	0.974	GTDB:c__Clostridia	0.976		
NCBITaxon:1869185	Taibaiella sp.	NONE		NONE			
NCBITaxon:1871043	Variovorax sp.	NONE		NONE			
NCBITaxon:1871068	Phyllobacteriaceae bacterium	NONE		NONE			
NCBITaxon:1872086	Ensifer sp.	NONE		NONE			
NCBITaxon:1872114	Acidiplasma sp.	NONE		NONE			
NCBITaxon:1872122	Acidovorax sp.	NONE		NONE			
NCBITaxon:1872427	Alcanivorax sp.	NONE		NONE			
NCBITaxon:1872648	Asticcacaulis sp.	NONE		NONE			
NCBITaxon:1873462	Microbacteriaceae bacterium	NONE		NONE			
NCBITaxon:1883	Streptomyces	GTDB:g__Streptomyces	0.973	GTDB:g__Streptomyces	0.972		
NCBITaxon:1889	Streptomyces ambofaciens	GTDB:s__Streptomyces_ambofaciens	1.0	GTDB:s__Streptomyces_ambofaciens	1.0		
NCBITaxon:1902583	Candidatus Desulfofervidus	NONE		NONE			
NCBITaxon:1904413	Suillus clintonianus	NONE		NONE			
NCBITaxon:1908224	Sphingopyxis sp.	NONE		NONE			
NCBITaxon:1911909	Neorhizobium sp.	GTDB:s__Neorhizobium_sp028283725	1.0	GTDB:s__Neorhizobium_sp028283725	1.0		
NCBITaxon:1913961	Rhizobiaceae bacterium	NONE		NONE			
NCBITaxon:1914288	Dyadobacter sp.	GTDB:s__Dyadobacter_sp017744695	1.0	GTDB:s__Dyadobacter_sp017744695	1.0		
NCBITaxon:1914538	Pseudomonadaceae bacterium	NONE		NONE			
NCBITaxon:1918507	Candidatus Phosphitivorax anaerolimi	GTDB:s__UBA1062_sp001896555	1.0	GTDB:s__UBA1062_sp001896555	1.0		
NCBITaxon:192	Azospirillum brasilense	GTDB:s__Azospirillum_brasilense	1.0	GTDB:s__Azospirillum_brasilense	1.0		
NCBITaxon:1931	Streptomyces sp.	NONE		NONE			
NCBITaxon:1935183	Promethearchaeati	NONE		NONE			
NCBITaxon:1979961	Wenzhouxiangella sp.	NONE		NONE			
NCBITaxon:198620	Pseudomonas koreensis	NONE		NONE			
NCBITaxon:1988	Actinomadura	GTDB:g__Spirillospora	0.953	GTDB:g__Spirillospora	0.948		
NCBITaxon:2	Bacteria	NONE		NONE			
NCBITaxon:20	Phenylobacterium	GTDB:g__Phenylobacterium	1.0	GTDB:g__Phenylobacterium	1.0		
NCBITaxon:200795	Chloroflexota	GTDB:p__Chloroflexota	0.998	GTDB:p__Chloroflexota	0.998		
NCBITaxon:200918	Thermotogota	GTDB:p__Thermotogota	0.997	GTDB:p__Thermotogota	0.996		
NCBITaxon:201174	Actinomycetota	GTDB:p__Actinomycetota	1.0	GTDB:p__Actinomycetota	1.0		
NCBITaxon:202950	Acinetobacter baylyi	GTDB:s__Acinetobacter_baylyi	0.96	GTDB:s__Acinetobacter_baylyi	0.96		
NCBITaxon:2030806	Burkholderiaceae bacterium	NONE		NONE			
NCBITaxon:203119	Acetivibrio thermocellus ATCC 27405	GTDB:s__Hungateiclostridium_thermocellum	0.93	GTDB:s__Hungateiclostridium_thermocellum	0.93		
NCBITaxon:203124	Trichodesmium erythraeum IMS101	GTDB:s__Trichodesmium_erythraeum	1.0	GTDB:s__Trichodesmium_erythraeum	1.0		
NCBITaxon:2034	Curtobacterium	GTDB:g__Curtobacterium	0.993	GTDB:g__Curtobacterium	0.993		
NCBITaxon:203682	Planctomycetota	GTDB:p__Planctomycetota	0.995	GTDB:p__Planctomycetota	0.995		
NCBITaxon:203691	Spirochaetota	GTDB:p__Spirochaetota	0.995	GTDB:p__Spirochaetota	0.992		
NCBITaxon:204441	Rhodospirillales	GTDB:o__RF32	0.636	GTDB:o__RF32	0.647		
NCBITaxon:2052312	Candidatus Dormiibacterota	NONE		NONE			
NCBITaxon:2093828	Neorhizobium tomejilense	GTDB:s__Neorhizobium_tomejilense	0.9	GTDB:s__Neorhizobium_tomejilense	0.9		
NCBITaxon:211586	Shewanella oneidensis MR-1	GTDB:s__Shewanella_oneidensis	1.0	GTDB:s__Shewanella_oneidensis	1.0		
NCBITaxon:213118	Desulfobacterales	GTDB:o__Desulfobacterales	0.81	GTDB:o__Desulfobacterales	0.79		
NCBITaxon:213119	Desulfobacteraceae	AMBIGUOUS		AMBIGUOUS			
NCBITaxon:213121	Desulfobulbaceae	GTDB:f__Desulfobulbaceae	0.529	GTDB:f__Desulfobulbaceae	0.517		
NCBITaxon:2157	Archaea	NONE		NONE			
NCBITaxon:215813	Dinoroseobacter shibae	GTDB:s__Dinoroseobacter_shibae	1.0	GTDB:s__Dinoroseobacter_shibae	1.0		
NCBITaxon:2162	Methanobacterium formicicum	GTDB:s__Methanobacterium_formicicum	0.94	GTDB:s__Methanobacterium_formicicum	0.94		
NCBITaxon:216389	Dehalococcoides mccartyi BAV1	GTDB:s__Dehalococcoides_mccartyi_B	1.0	GTDB:s__Dehalococcoides_mccartyi_B	1.0		
NCBITaxon:216431	Croceibacter	GTDB:g__Croceibacter	1.0	GTDB:g__Croceibacter	1.0		
NCBITaxon:216816	Bifidobacterium longum	AMBIGUOUS		AMBIGUOUS			
NCBITaxon:217159	Clostridium carboxidivorans	GTDB:s__Clostridium_AM_carboxidivorans	1.0	GTDB:s__Clostridium_AM_carboxidivorans	1.0		
NCBITaxon:2172	Methanobrevibacter	GTDB:g__Methanobrevibacter_A	0.955	GTDB:g__Methanobrevibacter_A	0.955		
NCBITaxon:2173	Methanobrevibacter smithii	AMBIGUOUS		AMBIGUOUS			
NCBITaxon:22	Shewanella	GTDB:g__Shewanella	0.996	GTDB:g__Shewanella	0.994		
NCBITaxon:2201	Methanofollis liminatans	GTDB:s__Methanofollis_liminatans	1.0	GTDB:s__Methanofollis_liminatans	1.0		
NCBITaxon:2203	Methanospirillum hungatei	GTDB:s__Methanospirillum_hungatei	1.0	GTDB:s__Methanospirillum_hungatei	1.0		
NCBITaxon:2208	Methanosarcina barkeri	AMBIGUOUS		AMBIGUOUS			
NCBITaxon:2209	Methanosarcina mazei	GTDB:s__Methanosarcina_mazei	1.0	GTDB:s__Methanosarcina_mazei	1.0		
NCBITaxon:222	Achromobacter	GTDB:g__Achromobacter	0.981	GTDB:g__Achromobacter	0.981		
NCBITaxon:2223	Methanothrix soehngenii	GTDB:s__Methanothrix_soehngenii	1.0	GTDB:s__Methanothrix_soehngenii	1.0		
NCBITaxon:2237	Haloarcula	GTDB:g__Haloarcula	1.0	GTDB:g__Haloarcula	1.0		
NCBITaxon:2239	Halobacterium	GTDB:g__Halobacterium	1.0	GTDB:g__Halobacterium	1.0		
NCBITaxon:223967	Methylorubrum populi	GTDB:s__Methylobacterium_thiocyanatum	1.0	GTDB:s__Methylobacterium_thiocyanatum	1.0		
NCBITaxon:224756	Methanomicrobia	GTDB:c__Methanosarcinia	0.617	GTDB:c__Methanosarcinia	0.617		
NCBITaxon:225937	Marinobacter adhaerens HP15	GTDB:s__Marinobacter_adhaerens	1.0	GTDB:s__Marinobacter_adhaerens	1.0		
NCBITaxon:226186	Bacteroides thetaiotaomicron VPI-5482	GTDB:s__Bacteroides_thetaiotaomicron	1.0	GTDB:s__Bacteroides_thetaiotaomicron	1.0		
NCBITaxon:2268204	Thermoplasmatales archaeon	NONE		NONE			
NCBITaxon:2283796	Thermoplasmatota	GTDB:p__Thermoplasmatota	1.0	GTDB:p__Thermoplasmatota	0.999		
NCBITaxon:2301	Thermoplasmatales	GTDB:o__Thermoplasmatales	0.903	GTDB:o__Thermoplasmatales	0.899		
NCBITaxon:231455	Dyella japonica	GTDB:s__Dyella_marensis	1.0	GTDB:s__Dyella_marensis	1.0		
NCBITaxon:2357	Desulfomonile	GTDB:g__Desulfomonile	0.667	GTDB:g__Desulfomonile	0.667		
NCBITaxon:236401	Graphocephala coccinea	NONE		NONE			
NCBITaxon:237	Flavobacterium	GTDB:g__Flavobacterium	0.99	GTDB:g__Flavobacterium	0.99		
NCBITaxon:2375	Sporomusa	GTDB:g__Sporomusa	1.0	GTDB:g__Sporomusa	1.0		
NCBITaxon:237612	Sphingomonas panni	GTDB:s__Sphingomonas_panni	1.0	GTDB:s__Sphingomonas_panni	1.0		
NCBITaxon:239	Flavobacterium sp.	NONE		NONE			
NCBITaxon:243164	Dehalococcoides mccartyi 195	GTDB:s__Dehalococcoides_mccartyi	1.0	GTDB:s__Dehalococcoides_mccartyi	1.0		
NCBITaxon:243232	Methanocaldococcus jannaschii DSM 2661	GTDB:s__Methanocaldococcus_jannaschii	1.0	GTDB:s__Methanocaldococcus_jannaschii	1.0		
NCBITaxon:243274	Thermotoga maritima MSB8	GTDB:s__Thermotoga_maritima	1.0	GTDB:s__Thermotoga_maritima	1.0		
NCBITaxon:244366	Klebsiella variicola	GTDB:s__Klebsiella_variicola	1.0	GTDB:s__Klebsiella_variicola	1.0		
NCBITaxon:246200	Ruegeria pomeroyi DSS-3	GTDB:s__Ruegeria_B_pomeroyi	1.0	GTDB:s__Ruegeria_B_pomeroyi	1.0		
NCBITaxon:2496117	Variovorax beijingensis	NONE		NONE			
NCBITaxon:253	Chryseobacterium indologenes	GTDB:s__Chryseobacterium_indologenes	1.0	GTDB:s__Chryseobacterium_indologenes	1.0		
NCBITaxon:2530459	Galdieria sp.	NONE		NONE			
NCBITaxon:253314	Acetivibrio straminisolvens	GTDB:s__Hungateiclostridium_straminisolvens	1.0	GTDB:s__Hungateiclostridium_straminisolvens	1.0		
NCBITaxon:258594	Rhodopseudomonas palustris CGA009	GTDB:s__Rhodopseudomonas_palustris_F	1.0	GTDB:s__Rhodopseudomonas_palustris_F	1.0		
NCBITaxon:2591003	Ferroplasma sp.	NONE		NONE			
NCBITaxon:2597222	Candidatus Acidulidesulfobacterium	NONE		NONE			
NCBITaxon:266	Paracoccus denitrificans	AMBIGUOUS		AMBIGUOUS			
NCBITaxon:267377	Methanococcus maripaludis S2	GTDB:s__Methanococcus_maripaludis	1.0	GTDB:s__Methanococcus_maripaludis	1.0		
NCBITaxon:2675547	Chlorella sp. HS2	NONE		NONE			
NCBITaxon:267818	Lactobacillus kefiranofaciens	GTDB:s__Lactobacillus_kefiranofaciens	1.0	GTDB:s__Lactobacillus_kefiranofaciens	1.0		
NCBITaxon:2697049	Severe acute respiratory syndrome coronavirus 2	NONE		NONE			
NCBITaxon:269797	Methanosarcina barkeri str. Fusaro	GTDB:s__Methanosarcina_barkeri_B	1.0	GTDB:s__Methanosarcina_barkeri_B	1.0		
NCBITaxon:270351	Methylobacterium aquaticum	NONE		NONE			
NCBITaxon:2716471	Sulcia	NONE		NONE			
NCBITaxon:272772	Pseudomonas pudica	GTDB:s__Pseudomonas_E_pudica	1.0	GTDB:s__Pseudomonas_E_pudica	1.0		
NCBITaxon:2736640	Pseudonocardia broussonetiae	GTDB:s__Pseudonocardia_broussonetiae	1.0	GTDB:s__Pseudonocardia_broussonetiae	1.0		
NCBITaxon:2740557	Pauljensenia	GTDB:g__Pauljensenia	1.0	GTDB:g__Pauljensenia	1.0		
NCBITaxon:2742	Marinobacter	GTDB:g__Marinobacter	0.964	GTDB:g__Marinobacter	0.958		
NCBITaxon:2759	Eukaryota	NONE		NONE			
NCBITaxon:2782567	Paenarthrobacter sp. GOM3	GTDB:s__Arthrobacter_sp018215265	1.0	GTDB:s__Arthrobacter_sp018215265	1.0		
NCBITaxon:280333	Bradyrhizobium pachyrhizi	NONE		NONE			
NCBITaxon:28034	Sulfobacillus thermosulfidooxidans	GTDB:s__Sulfobacillus_thermosulfidooxidans	1.0	GTDB:s__Sulfobacillus_thermosulfidooxidans	1.0		
NCBITaxon:28037	Streptococcus mitis	AMBIGUOUS		AMBIGUOUS			
NCBITaxon:28065	Rhodoferax	GTDB:g__Rhodoferax	0.718	GTDB:g__Rhodoferax	0.718		
NCBITaxon:28108	Alteromonas macleodii	GTDB:s__Alteromonas_macleodii	0.9	GTDB:s__Alteromonas_macleodii	0.9		
NCBITaxon:2818505	Myxococcota	GTDB:p__Myxococcota	0.903	GTDB:p__Myxococcota	0.9		
NCBITaxon:28211	Alphaproteobacteria	GTDB:c__Alphaproteobacteria	0.996	GTDB:c__Alphaproteobacteria	0.996		
NCBITaxon:28216	Betaproteobacteria	GTDB:c__Gammaproteobacteria	1.0	GTDB:c__Gammaproteobacteria	1.0		
NCBITaxon:28228	Colwellia	AMBIGUOUS		AMBIGUOUS			
NCBITaxon:28231	Geobacter	AMBIGUOUS		AMBIGUOUS			
NCBITaxon:28232	Geobacter metallireducens	GTDB:s__Geobacter_metallireducens	1.0	GTDB:s__Geobacter_metallireducens	1.0		
NCBITaxon:28261	Thermodesulfovibrio	GTDB:g__Thermodesulfovibrio	1.0	GTDB:g__Thermodesulfovibrio	1.0		
NCBITaxon:2836	Bacillariophyta	NONE		NONE			
NCBITaxon:2837503	Gottfriedia	GTDB:g__Gottfriedia	1.0	GTDB:g__Gottfriedia	1.0		
NCBITaxon:28453	Sphingobacterium	GTDB:g__Sphingobacterium	0.996	GTDB:g__Sphingobacterium	0.996		
NCBITaxon:286	Pseudomonas	GTDB:g__Pseudomonas	0.596	GTDB:g__Pseudomonas_E	0.852	FLIP	different taxon
NCBITaxon:287	Pseudomonas aeruginosa	GTDB:s__Pseudomonas_aeruginosa	0.99	GTDB:s__Pseudomonas_aeruginosa	0.99		
NCBITaxon:2886510	Sphingobacterium paramultivorum	GTDB:s__Sphingobacterium_paramultivorum	0.88	GTDB:s__Sphingobacterium_paramultivorum	0.88		
NCBITaxon:28889	Thermoproteota	GTDB:p__Thermoproteota	1.0	GTDB:p__Thermoproteota	1.0		
NCBITaxon:28890	Methanobacteriota	AMBIGUOUS		AMBIGUOUS			
NCBITaxon:2903	Emiliania huxleyi	NONE		NONE			
NCBITaxon:293387	Bacillus altitudinis	GTDB:s__Bacillus_altitudinis	1.0	GTDB:s__Bacillus_altitudinis	1.0		
NCBITaxon:29394	Dolosigranulum pigrum	GTDB:s__Dolosigranulum_pigrum	1.0	GTDB:s__Dolosigranulum_pigrum	1.0		
NCBITaxon:294	Pseudomonas fluorescens	AMBIGUOUS		AMBIGUOUS			
NCBITaxon:29448	Bradyrhizobium elkanii	GTDB:s__Bradyrhizobium_elkanii	0.89	GTDB:s__Bradyrhizobium_elkanii	0.89		
NCBITaxon:29466	Veillonella parvula	GTDB:s__Veillonella_parvula_A	0.95	GTDB:s__Veillonella_parvula_A	0.95		
NCBITaxon:29581	Janthinobacterium lividum	AMBIGUOUS		AMBIGUOUS			
NCBITaxon:296543	Thalassiosira pseudonana CCMP1335	NONE		NONE			
NCBITaxon:2982533	Microbacterium forte	NONE		NONE			
NCBITaxon:29875	Trichoderma virens	NONE		NONE			
NCBITaxon:301148	Caldibacillus debilis	GTDB:s__Caldibacillus_debilis	1.0	GTDB:s__Caldibacillus_debilis	1.0		
NCBITaxon:301375	Methanothrix harundinacea	GTDB:s__Methanocrinis_harundinaceus	1.0	GTDB:s__Methanocrinis_harundinaceus	1.0		
NCBITaxon:303	Pseudomonas putida	AMBIGUOUS		AMBIGUOUS			
NCBITaxon:3041	Chlorophyta	NONE		NONE			
NCBITaxon:304371	Methanocella paludicola SANAE	NONE		NONE			
NCBITaxon:3055	Chlamydomonas reinhardtii	NONE		NONE			
NCBITaxon:306	Pseudomonas sp.	NONE		NONE			
NCBITaxon:3071	Chlorella	NONE		NONE			
NCBITaxon:3073	Scenedesmus fuscus	NONE		NONE			
NCBITaxon:3074	Parachlorella kessleri	NONE		NONE			
NCBITaxon:3076	Chlorella sorokiniana	NONE		NONE			
NCBITaxon:3077	Chlorella vulgaris	NONE		NONE			
NCBITaxon:316	Stutzerimonas stutzeri	AMBIGUOUS		AMBIGUOUS			
NCBITaxon:316612	Methylibium	GTDB:g__Methylibium	0.607	GTDB:g__Methylibium	0.56		
NCBITaxon:319464	Clostridium sp. FG4	NONE		NONE			
NCBITaxon:32008	Burkholderia	GTDB:g__Burkholderia	0.985	GTDB:g__Burkholderia	0.919		
NCBITaxon:32011	Methylophilaceae	GTDB:f__Methylophilaceae	1.0	GTDB:f__Methylophilaceae	1.0		
NCBITaxon:32046	Synechococcus elongatus	GTDB:s__Synechococcus_elongatus	0.85	GTDB:s__Synechococcus_elongatus	0.85		
NCBITaxon:32049	Picosynechococcus sp. PCC 7002	GTDB:s__Limnothrix_sp001693275	1.0	GTDB:s__Limnothrix_sp001693275	1.0		
NCBITaxon:323259	Methanospirillum hungatei JF-1	GTDB:s__Methanospirillum_hungatei	1.0	GTDB:s__Methanospirillum_hungatei	1.0		
NCBITaxon:324747	Pseudoxanthomonas byssovorax	NONE		NONE			
NCBITaxon:33035	Blautia producta	GTDB:s__Blautia_coccoides	1.0	GTDB:s__Blautia_coccoides	1.0		
NCBITaxon:33038	Mediterraneibacter gnavus	GTDB:s__Ruminococcus_B_gnavus	0.99	GTDB:s__Ruminococcus_B_gnavus	0.99		
NCBITaxon:33059	Acidithiobacillus caldus	GTDB:s__Acidithiobacillus_A_caldus	1.0	GTDB:s__Acidithiobacillus_A_caldus	1.0		
NCBITaxon:33075	Acidobacterium capsulatum	NONE		NONE			
NCBITaxon:332101	Clostridium drakei	GTDB:s__Clostridium_AM_drakei	1.0	GTDB:s__Clostridium_AM_drakei	1.0		
NCBITaxon:33642	Coscinodiscus radiatus	NONE		NONE			
NCBITaxon:33849	Bacillariophyceae	NONE		NONE			
NCBITaxon:3386252	Candidatus Methanogaster	NONE		NONE			
NCBITaxon:33882	Microbacterium	GTDB:g__Microbacterium	0.995	GTDB:g__Microbacterium	0.995		
NCBITaxon:33883	Microbacterium arborescens	NONE		NONE			
NCBITaxon:33905	Bifidobacterium thermophilum	GTDB:s__Bifidobacterium_thermacidophilum	1.0	GTDB:s__Bifidobacterium_thermacidophilum	1.0		
NCBITaxon:33952	Acetobacterium woodii	GTDB:s__Acetobacterium_woodii	1.0	GTDB:s__Acetobacterium_woodii	1.0		
NCBITaxon:33962	Lentilactobacillus kefiri	GTDB:s__Lentilactobacillus_kefiri	1.0	GTDB:s__Lentilactobacillus_kefiri	1.0		
NCBITaxon:340177	Chlorobium chlorochromatii CaD3	NONE	1.0	NONE	1.0		
NCBITaxon:34037	Rahnella	GTDB:g__Rahnella	1.0	GTDB:g__Rahnella	1.0		
NCBITaxon:34067	Cycloclasticus	GTDB:g__Cycloclasticus	1.0	GTDB:g__Cycloclasticus	1.0		
NCBITaxon:34072	Variovorax	GTDB:g__Variovorax	0.99	GTDB:g__Variovorax	0.99		
NCBITaxon:34073	Variovorax paradoxus	AMBIGUOUS		AMBIGUOUS			
NCBITaxon:34305	Lotus japonicus	NONE		NONE			
NCBITaxon:34358	Maudiozyma exigua	NONE		NONE			
NCBITaxon:351627	Caldicellulosiruptor saccharolyticus DSM 8903	GTDB:s__Caldicellulosiruptor_saccharolyticus	1.0	GTDB:s__Caldicellulosiruptor_saccharolyticus	1.0		
NCBITaxon:353	Azotobacter chroococcum	GTDB:s__Azotobacter_chroococcum	1.0	GTDB:s__Azotobacter_chroococcum	1.0		
NCBITaxon:354	Azotobacter vinelandii	GTDB:s__Azotobacter_vinelandii	1.0	GTDB:s__Azotobacter_vinelandii	1.0		
NCBITaxon:354354	Niastella	GTDB:g__Niastella	0.917	GTDB:g__Niastella	0.917		
NCBITaxon:35554	Geobacter sulfurreducens	GTDB:s__Geobacter_sulfurreducens	1.0	GTDB:s__Geobacter_sulfurreducens	1.0		
NCBITaxon:356	Hyphomicrobiales	GTDB:o__Rhizobiales	0.988	GTDB:o__Rhizobiales	0.987		
NCBITaxon:357809	Lachnoclostridium phytofermentans ISDg	GTDB:s__Lachnoclostridium_phytofermentans	1.0	GTDB:s__Lachnoclostridium_phytofermentans	1.0		
NCBITaxon:358	Agrobacterium tumefaciens	AMBIGUOUS		AMBIGUOUS			
NCBITaxon:359407	Methylotenera	GTDB:g__Methylotenera	0.676	GTDB:g__Methylotenera	0.676		
NCBITaxon:363331	Chryseobacterium taiwanense	GTDB:s__Chryseobacterium_taiwanense	1.0	GTDB:s__Chryseobacterium_taiwanense	1.0		
NCBITaxon:36667	Philaenus spumarius	NONE		NONE			
NCBITaxon:36853	Desulfitobacterium	GTDB:g__Desulfitobacterium	0.946	GTDB:g__Desulfitobacterium	0.943		
NCBITaxon:36910	Clavispora	NONE		NONE			
NCBITaxon:3702	Arabidopsis thaliana	NONE		NONE			
NCBITaxon:372461	Buchnera aphidicola BCc	GTDB:s__Buchnera_aphidicola_F	1.0	GTDB:s__Buchnera_aphidicola_F	1.0		
NCBITaxon:37319	Pseudo-nitzschia multiseries	NONE		NONE			
NCBITaxon:374	Bradyrhizobium	GTDB:g__Bradyrhizobium	0.982	GTDB:g__Bradyrhizobium	0.979		
NCBITaxon:374432	Methylobacterium tardum	GTDB:s__Methylobacterium_tardum	1.0	GTDB:s__Methylobacterium_tardum	1.0		
NCBITaxon:3747	Fragaria x ananassa	NONE		NONE			
NCBITaxon:375	Bradyrhizobium japonicum	AMBIGUOUS		AMBIGUOUS			
NCBITaxon:375288	Parabacteroides	GTDB:g__Parabacteroides	0.997	GTDB:g__Parabacteroides	0.997		
NCBITaxon:375486	Paenibacillus sp. PALXIL05	NONE		NONE			
NCBITaxon:379	Rhizobium	GTDB:g__Rhizobium	0.723	GTDB:g__Rhizobium	0.723		
NCBITaxon:37919	Rhodococcus opacus	AMBIGUOUS		AMBIGUOUS			
NCBITaxon:37927	Sinomonas atrocyanea	NONE		NONE			
NCBITaxon:380021	Pseudomonas protegens	GTDB:s__Pseudomonas_E_protegens	1.0	GTDB:s__Pseudomonas_E_protegens	1.0		
NCBITaxon:3818	Arachis hypogaea	NONE		NONE			
NCBITaxon:382	Sinorhizobium meliloti	GTDB:s__Sinorhizobium_meliloti	0.97	GTDB:s__Sinorhizobium_meliloti	0.97		
NCBITaxon:3847	Glycine max	NONE		NONE			
NCBITaxon:39152	Methanococcus maripaludis	GTDB:s__Methanococcus_maripaludis	0.93	GTDB:s__Methanococcus_maripaludis	0.93		
NCBITaxon:391619	Phaeobacter inhibens DSM 17395	GTDB:s__Phaeobacter_inhibens	1.0	GTDB:s__Phaeobacter_inhibens	1.0		
NCBITaxon:392733	Terriglobus	GTDB:g__Terriglobus	0.833	GTDB:g__Terriglobus	0.818		
NCBITaxon:3932	Eucalyptus	NONE		NONE			
NCBITaxon:39488	Anaerobutyricum hallii	GTDB:s__Anaerobutyricum_hallii	1.0	GTDB:s__Anaerobutyricum_hallii	1.0		
NCBITaxon:395331	Methanoregula	GTDB:g__Methanoregula	1.0	GTDB:g__Methanoregula	1.0		
NCBITaxon:395960	Rhodopseudomonas palustris TIE-1	GTDB:s__Rhodopseudomonas_palustris_F	1.0	GTDB:s__Rhodopseudomonas_palustris_F	1.0		
NCBITaxon:399726	Thermoanaerobacter sp. X514	GTDB:s__Thermoanaerobacter_pseudethanolicus	1.0	GTDB:s__Thermoanaerobacter_pseudethanolicus	1.0		
NCBITaxon:40214	Acinetobacter johnsonii	GTDB:s__Acinetobacter_johnsonii	0.97	GTDB:s__Acinetobacter_johnsonii	0.97		
NCBITaxon:40222	Methylophaga	GTDB:g__Methylophaga	0.967	GTDB:g__Methylophaga	0.966		
NCBITaxon:403	Methylococcaceae	GTDB:f__Methylomonadaceae	0.64	GTDB:f__Methylomonadaceae	0.671		
NCBITaxon:40323	Stenotrophomonas	GTDB:g__Stenotrophomonas	0.987	GTDB:g__Stenotrophomonas	0.987		
NCBITaxon:40324	Stenotrophomonas maltophilia	AMBIGUOUS		AMBIGUOUS			
NCBITaxon:407	Methylobacterium	GTDB:g__Methylobacterium	0.992	GTDB:g__Methylobacterium	0.991		
NCBITaxon:408	Methylorubrum extorquens	GTDB:s__Methylobacterium_extorquens	0.88	GTDB:s__Methylobacterium_extorquens	0.88		
NCBITaxon:4081	Solanum lycopersicum	NONE		NONE			
NCBITaxon:412449	Leptospirillum ferrodiazotrophum	NONE		NONE			
NCBITaxon:414878	Catenulispora	GTDB:g__Catenulispora	1.0	GTDB:g__Catenulispora	1.0		
NCBITaxon:416	Methylomonas	GTDB:g__Methylomonas	0.948	GTDB:g__Methylomonas	0.948		
NCBITaxon:416169	Rhodanobacter thiooxydans	GTDB:s__Rhodanobacter_thiooxydans	1.0	GTDB:s__Rhodanobacter_thiooxydans	1.0		
NCBITaxon:419541	Leptospirillum sp. Group II '5-way CG'	NONE		NONE			
NCBITaxon:423349	Mucilaginibacter	GTDB:g__Mucilaginibacter	1.0	GTDB:g__Mucilaginibacter	1.0		
NCBITaxon:42445	Sinorhizobium sp.	GTDB:s__Sinorhizobium_sp031178305	1.0	GTDB:s__Sinorhizobium_sp031178305	1.0		
NCBITaxon:429	Methylobacter	GTDB:g__Methylobacter_A	0.662	GTDB:g__Methylobacter_A	0.682		
NCBITaxon:429134	Sphingomonas desiccabilis	GTDB:s__Sphingomonas_desiccabilis	1.0	GTDB:s__Sphingomonas_desiccabilis	1.0		
NCBITaxon:434	Acetobacter	GTDB:g__Acetobacter	0.561	GTDB:g__CAG-267	0.522	FLIP	different taxon
NCBITaxon:43773	Syntrophus <bacteria>	GTDB:g__Syntrophus	1.0	GTDB:g__Syntrophus	1.0		
NCBITaxon:43775	Syntrophus gentianae	GTDB:s__Syntrophus_gentianae	1.0	GTDB:s__Syntrophus_gentianae	1.0		
NCBITaxon:441	Gluconobacter	GTDB:g__Gluconobacter	0.71	GTDB:g__Gluconobacter	0.762		
NCBITaxon:44249	Paenibacillus	AMBIGUOUS		AMBIGUOUS			
NCBITaxon:44752	Rhodococcus wratislaviensis	AMBIGUOUS		AMBIGUOUS			
NCBITaxon:45200	Methanospirillum sp.	NONE		NONE			
NCBITaxon:452922	Xenophilus aerolatus	NONE		NONE			
NCBITaxon:453960	Sulfobacillus benefaciens	GTDB:s__Sulfobacillus_benefaciens	0.96	GTDB:s__Sulfobacillus_benefaciens	0.96		
NCBITaxon:4547	Saccharum officinarum	NONE		NONE			
NCBITaxon:4558	Sorghum bicolor	NONE		NONE			
NCBITaxon:4565	Triticum aestivum	NONE		NONE			
NCBITaxon:4577	Zea mays	NONE		NONE			
NCBITaxon:45989	Methanoculleus	GTDB:g__Methanoculleus	0.947	GTDB:g__Methanoculleus	0.947		
NCBITaxon:46255	Weissella	GTDB:g__Weissella	1.0	GTDB:g__Weissella	1.0		
NCBITaxon:46913	Devosia	GTDB:g__Devosia	0.769	GTDB:g__Devosia	0.77		
NCBITaxon:470	Acinetobacter baumannii	GTDB:s__Acinetobacter_baumannii	1.0	GTDB:s__Acinetobacter_baumannii	1.0		
NCBITaxon:47421	Hydrogenophaga pseudoflava	GTDB:s__Hydrogenophaga_pseudoflava	1.0	GTDB:s__Hydrogenophaga_pseudoflava	1.0		
NCBITaxon:475088	Methanosphaerula palustris	GTDB:s__Methanosphaerula_palustris	1.0	GTDB:s__Methanosphaerula_palustris	1.0		
NCBITaxon:4751	Fungi	NONE		NONE			
NCBITaxon:4757	Neocallimastix frontalis	NONE		NONE			
NCBITaxon:47715	Lacticaseibacillus rhamnosus	GTDB:s__Lacticaseibacillus_rhamnosus	1.0	GTDB:s__Lacticaseibacillus_rhamnosus	1.0		
NCBITaxon:47920	Acidovorax delafieldii	NONE		NONE			
NCBITaxon:483199	Acetobacter fabarum	GTDB:s__Acetobacter_fabarum	1.0	GTDB:s__Acetobacter_fabarum	1.0		
NCBITaxon:487698	Stenotrophomonas pavanii	GTDB:s__Stenotrophomonas_pavanii	1.0	GTDB:s__Stenotrophomonas_pavanii	1.0		
NCBITaxon:4890	Ascomycota	NONE		NONE			
NCBITaxon:48936	Novosphingobium subterraneum	GTDB:s__Novosphingobium_subterraneum	1.0	GTDB:s__Novosphingobium_subterraneum	1.0		
NCBITaxon:4919	Pichia	NONE		NONE			
NCBITaxon:492670	Bacillus velezensis	GTDB:s__Bacillus_velezensis	1.0	GTDB:s__Bacillus_velezensis	1.0		
NCBITaxon:4930	Saccharomyces	NONE		NONE			
NCBITaxon:4932	Saccharomyces cerevisiae	NONE		NONE			
NCBITaxon:4948	Torulaspora	NONE		NONE			
NCBITaxon:4952	Yarrowia lipolytica	NONE		NONE			
NCBITaxon:4958	Debaryomyces	NONE		NONE			
NCBITaxon:497726	Nitrososphaera	GTDB:g__Nitrososphaera	0.833	GTDB:g__Nitrososphaera	0.769		
NCBITaxon:5052	Aspergillus <genus>	NONE		NONE			
NCBITaxon:5059	Aspergillus flavus	NONE		NONE			
NCBITaxon:5061	Aspergillus niger	NONE		NONE			
NCBITaxon:50715	Acidisphaera rubrifaciens	GTDB:s__Acidisphaera_rubrifaciens	1.0	GTDB:s__Acidisphaera_rubrifaciens	1.0		
NCBITaxon:5073	Penicillium	NONE		NONE			
NCBITaxon:511145	Escherichia coli str. K-12 substr. MG1655	GTDB:s__Escherichia_coli	1.0	GTDB:s__Escherichia_coli	1.0		
NCBITaxon:511746	Candidatus Methylacidiphilum infernorum	GTDB:s__Methylacidiphilum_infernorum	1.0	GTDB:s__Methylacidiphilum_infernorum	1.0		
NCBITaxon:51453	Trichoderma reesei	NONE		NONE			
NCBITaxon:515619	Agathobacter rectalis ATCC 33656	GTDB:s__Agathobacter_rectalis	1.0	GTDB:s__Agathobacter_rectalis	1.0		
NCBITaxon:5204	Basidiomycota	NONE		NONE			
NCBITaxon:5206	Cryptococcus <basidiomycete fungi>	NONE		NONE			
NCBITaxon:521460	Caldicellulosiruptor bescii DSM 6725	GTDB:s__Caldicellulosiruptor_bescii	1.0	GTDB:s__Caldicellulosiruptor_bescii	1.0		
NCBITaxon:522	Acidiphilium	GTDB:g__UBA10281	0.633	GTDB:g__UBA10281	0.682		
NCBITaxon:524	Acidiphilium cryptum	GTDB:s__Acidiphilium_multivorum	1.0	GTDB:s__Acidiphilium_multivorum	1.0		
NCBITaxon:525	Acidocella facilis	GTDB:s__Acidocella_facilis	1.0	GTDB:s__Acidocella_facilis	1.0		
NCBITaxon:52972	Polaromonas	GTDB:g__Polaromonas	0.959	GTDB:g__Polaromonas	0.958		
NCBITaxon:53335	Pantoea	GTDB:g__Pantoea	0.961	GTDB:g__Pantoea	0.928		
NCBITaxon:542	Zymomonas mobilis	GTDB:s__Zymomonas_mobilis	0.89	GTDB:s__Zymomonas_mobilis	0.89		
NCBITaxon:54298	Chroococcidiopsis	GTDB:g__Chroococcidiopsis	0.778	GTDB:g__Chroococcidiopsis	0.778		
NCBITaxon:546	Citrobacter freundii	AMBIGUOUS		AMBIGUOUS			
NCBITaxon:547	Enterobacter	GTDB:g__Enterobacter	0.968	GTDB:g__Enterobacter	0.958		
NCBITaxon:5475	Candida	NONE		NONE			
NCBITaxon:5476	Candida albicans	NONE		NONE			
NCBITaxon:5480	Candida parapsilosis	NONE		NONE			
NCBITaxon:549	Pantoea agglomerans	GTDB:s__Pantoea_agglomerans	0.9	GTDB:s__Pantoea_agglomerans	0.9		
NCBITaxon:5498	Cladosporium	NONE		NONE			
NCBITaxon:550	Enterobacter cloacae	AMBIGUOUS		AMBIGUOUS			
NCBITaxon:5507	Fusarium oxysporum	NONE		NONE			
NCBITaxon:55080	Brevibacillus	GTDB:g__Brevibacillus	0.816	GTDB:g__Brevibacillus	0.779		
NCBITaxon:553	Pantoea ananatis	GTDB:s__Pantoea_ananatis	0.99	GTDB:s__Pantoea_ananatis	0.99		
NCBITaxon:5535	Rhodotorula glutinis	NONE		NONE			
NCBITaxon:5544	Trichoderma harzianum	NONE		NONE			
NCBITaxon:5547	Trichoderma viride	NONE		NONE			
NCBITaxon:5552	Trichosporon	NONE		NONE			
NCBITaxon:561	Escherichia	GTDB:g__Escherichia	1.0	GTDB:g__Escherichia	0.999		
NCBITaxon:56112	Dehalobacter	GTDB:g__Dehalobacter	1.0	GTDB:g__Dehalobacter	1.0		
NCBITaxon:561879	Bacillus safensis	GTDB:s__Bacillus_safensis	1.0	GTDB:s__Bacillus_safensis	1.0		
NCBITaxon:562	Escherichia coli	GTDB:s__Escherichia_coli	1.0	GTDB:s__Escherichia_coli	1.0		
NCBITaxon:56780	Syntrophus aciditrophicus SB	GTDB:s__Syntrophus_aciditrophicus	1.0	GTDB:s__Syntrophus_aciditrophicus	1.0		
NCBITaxon:570	Klebsiella	GTDB:g__Klebsiella	0.999	GTDB:g__Klebsiella	0.999		
NCBITaxon:571256	Brucella pituitosa	NONE		NONE			
NCBITaxon:5722	Trichomonas vaginalis	NONE		NONE			
NCBITaxon:572545	Acetivibrio thermocellus DSM 2360	GTDB:s__Hungateiclostridium_thermocellum	1.0	GTDB:s__Hungateiclostridium_thermocellum	1.0		
NCBITaxon:573061	Clostridium cellulovorans 743B	GTDB:s__Clostridium_K_cellulovorans	1.0	GTDB:s__Clostridium_K_cellulovorans	1.0		
NCBITaxon:573657	Candidatus Hodgkinia	NONE		NONE			
NCBITaxon:574561	Rhizobium pisi	NONE		NONE			
NCBITaxon:57723	Acidobacteriota	GTDB:p__Acidobacteriota	0.976	GTDB:p__Acidobacteriota	0.975		
NCBITaxon:587753	Pseudomonas chlororaphis	AMBIGUOUS		AMBIGUOUS			
NCBITaxon:588814	Candidatus Methanophagales	NONE		NONE			
NCBITaxon:588816	ANME-2 cluster	NONE		NONE			
NCBITaxon:592050	Acidovorax soli	NONE		NONE			
NCBITaxon:59732	Chryseobacterium	GTDB:g__Chryseobacterium	0.836	GTDB:g__Chryseobacterium	0.836		
NCBITaxon:599737	Wickerhamomyces	NONE		NONE			
NCBITaxon:613	Serratia <enterobacteria>	GTDB:g__Serratia	0.519	GTDB:g__Serratia	0.661		
NCBITaxon:61434	Dehalococcoides	GTDB:g__Dehalococcoides	0.909	GTDB:g__Dehalococcoides	0.909		
NCBITaxon:61435	Dehalococcoides mccartyi	AMBIGUOUS		AMBIGUOUS			
NCBITaxon:61624	Paenibacillus mucilaginosus	GTDB:s__Paenibacillus_G_mucilaginosus	0.88	GTDB:s__Paenibacillus_G_mucilaginosus	0.88		
NCBITaxon:62140	Acidiphilium multivorum	GTDB:s__Acidiphilium_multivorum	1.0	GTDB:s__Acidiphilium_multivorum	1.0		
NCBITaxon:6239	Caenorhabditis elegans	NONE		NONE			
NCBITaxon:632335	Caldicellulosiruptor acetigenus I77R1B	GTDB:s__Caldicellulosiruptor_acetigenus	1.0	GTDB:s__Caldicellulosiruptor_acetigenus	1.0		
NCBITaxon:63743	Natronomonas	GTDB:g__Natronomonas	0.957	GTDB:g__Natronomonas	0.957		
NCBITaxon:641853	Elusimicrobia	GTDB:c__Elusimicrobia	1.0	GTDB:c__Elusimicrobia	1.0		
NCBITaxon:644	Aeromonas hydrophila	GTDB:s__Aeromonas_hydrophila	0.96	GTDB:s__Aeromonas_hydrophila	0.96		
NCBITaxon:648995	Agrobacterium pusense	GTDB:s__Agrobacterium_pusense	1.0	GTDB:s__Agrobacterium_pusense	1.0		
NCBITaxon:651137	Nitrososphaerota	GTDB:p__Thermoproteota	1.0	GTDB:p__Thermoproteota	1.0		
NCBITaxon:659243	Bacillus siamensis	GTDB:s__Bacillus_siamensis	0.85	GTDB:s__Bacillus_siamensis	0.85		
NCBITaxon:666685	Rhodanobacter denitrificans	NONE		NONE			
NCBITaxon:668369	Escherichia coli DH5[alpha]	GTDB:s__Escherichia_coli	1.0	GTDB:s__Escherichia_coli	1.0		
NCBITaxon:67812	Candidatus Omnitrophota	NONE		NONE			
NCBITaxon:68	Lysobacter	GTDB:g__Lysobacter	0.748	GTDB:g__Lysobacter	0.748		
NCBITaxon:68239	Streptomyces mirabilis	NONE		NONE			
NCBITaxon:68287	Mesorhizobium	GTDB:g__Mesorhizobium	0.97	GTDB:g__Mesorhizobium	0.969		
NCBITaxon:69373	Curtobacterium pusillum	NONE		NONE			
NCBITaxon:69488	Penicillium simplicissimum	NONE		NONE			
NCBITaxon:69823	Selenomonas sputigena	GTDB:s__Selenomonas_sp905372355	0.86	GTDB:s__Selenomonas_sp905372355	0.86		
NCBITaxon:70448	Ostreococcus tauri	NONE		NONE			
NCBITaxon:70863	Shewanella oneidensis	GTDB:s__Shewanella_oneidensis	1.0	GTDB:s__Shewanella_oneidensis	1.0		
NCBITaxon:71518	Methanocorpusculum bavaricum	GTDB:s__Methanocorpusculum_parvum	1.0	GTDB:s__Methanocorpusculum_parvum	1.0		
NCBITaxon:7227	Drosophila melanogaster	NONE		NONE			
NCBITaxon:74030	Roseovarius	GTDB:g__Roseovarius	0.971	GTDB:g__Roseovarius	0.969		
NCBITaxon:74201	Verrucomicrobiota	GTDB:p__Verrucomicrobiota	1.0	GTDB:p__Verrucomicrobiota	1.0		
NCBITaxon:74969	Ferroplasma acidiphilum	GTDB:s__Ferroplasma_acidarmanus	0.91	GTDB:s__Ferroplasma_acidarmanus	0.91		
NCBITaxon:75	Caulobacter	GTDB:g__Caulobacter	0.837	GTDB:g__Caulobacter	0.837		
NCBITaxon:75105	Paraburkholderia caribensis	GTDB:s__Paraburkholderia_caribensis	0.92	GTDB:s__Paraburkholderia_caribensis	0.92		
NCBITaxon:75654	Duganella	GTDB:g__Duganella	0.886	GTDB:g__Duganella	0.886		
NCBITaxon:75682	Oxalobacteraceae	GTDB:f__Burkholderiaceae	0.995	GTDB:f__Burkholderiaceae	0.996		
NCBITaxon:76759	Pseudomonas monteilii	AMBIGUOUS		AMBIGUOUS			
NCBITaxon:76890	Asticcacaulis	GTDB:g__Asticcacaulis	1.0	GTDB:g__Asticcacaulis	1.0		
NCBITaxon:79206	Desulfosporosinus	GTDB:g__Desulfosporosinus	1.0	GTDB:g__Desulfosporosinus	1.0		
NCBITaxon:79328	Chitinophaga	GTDB:g__Chitinophaga	1.0	GTDB:g__Chitinophaga	1.0		
NCBITaxon:795830	Candidatus Brocadia sinica	GTDB:s__Brocadia_sinica	1.0	GTDB:s__Brocadia_sinica	1.0		
NCBITaxon:80840	Burkholderiales	GTDB:o__Burkholderiales	1.0	GTDB:o__Burkholderiales	0.999		
NCBITaxon:80866	Delftia acidovorans	AMBIGUOUS		AMBIGUOUS			
NCBITaxon:816	Bacteroides	GTDB:g__Bacteroides	0.953	GTDB:g__Bacteroides	0.953		
NCBITaxon:817	Bacteroides fragilis	AMBIGUOUS		AMBIGUOUS			
NCBITaxon:818	Bacteroides thetaiotaomicron	GTDB:s__Bacteroides_thetaiotaomicron	0.99	GTDB:s__Bacteroides_thetaiotaomicron	0.99		
NCBITaxon:82	Hyphomicrobium sp.	NONE		NONE			
NCBITaxon:821	Phocaeicola vulgatus	GTDB:s__Phocaeicola_vulgatus	0.86	GTDB:s__Phocaeicola_vulgatus	0.86		
NCBITaxon:82380	Microbacterium oxydans	NONE		NONE			
NCBITaxon:82803	Trichococcus flocculiformis	GTDB:s__Trichococcus_flocculiformis	1.0	GTDB:s__Trichococcus_flocculiformis	1.0		
NCBITaxon:831	Butyrivibrio fibrisolvens	AMBIGUOUS		AMBIGUOUS			
NCBITaxon:83333	Escherichia coli K-12	GTDB:s__Escherichia_coli	1.0	GTDB:s__Escherichia_coli	1.0		
NCBITaxon:83677	Thermobifida	GTDB:g__Thermobifida	1.0	GTDB:g__Thermobifida	1.0		
NCBITaxon:84022	Andreesenella acetica	GTDB:s__Clostridium_W_aceticum	1.0	GTDB:s__Clostridium_W_aceticum	1.0		
NCBITaxon:84023	Clostridium autoethanogenum	GTDB:s__Clostridium_B_ljungdahlii	1.0	GTDB:s__Clostridium_B_ljungdahlii	1.0		
NCBITaxon:84565	Sodalis	AMBIGUOUS		AMBIGUOUS			
NCBITaxon:84567	Pedobacter	GTDB:g__Pedobacter	0.924	GTDB:g__Pedobacter	0.924		
NCBITaxon:85021	Intrasporangiaceae	GTDB:f__Dermatophilaceae	0.997	GTDB:f__Dermatophilaceae	0.997		
NCBITaxon:853	Faecalibacterium prausnitzii	AMBIGUOUS		AMBIGUOUS			
NCBITaxon:857252	Halopseudomonas aestusnigri	GTDB:s__Halopseudomonas_aestusnigri	1.0	GTDB:s__Halopseudomonas_aestusnigri	1.0		
NCBITaxon:863	Syntrophomonas wolfei	AMBIGUOUS		AMBIGUOUS			
NCBITaxon:86795	Marmoricola	GTDB:g__Marmoricola	0.923	GTDB:g__Marmoricola	0.923		
NCBITaxon:870529	Bacillus sp. DB7	NONE		NONE			
NCBITaxon:870530	Klebsiella sp. DB13	NONE		NONE			
NCBITaxon:870532	Ochrobactrum sp. DB8	NONE		NONE			
NCBITaxon:872	Desulfovibrio	GTDB:g__Desulfovibrio	0.871	GTDB:g__Desulfovibrio	0.876		
NCBITaxon:876	Desulfovibrio desulfuricans	AMBIGUOUS		AMBIGUOUS			
NCBITaxon:881	Nitratidesulfovibrio vulgaris	GTDB:s__Nitratidesulfovibrio_vulgaris	1.0	GTDB:s__Nitratidesulfovibrio_vulgaris	1.0		
NCBITaxon:882	Nitratidesulfovibrio vulgaris str. Hildenborough	GTDB:s__Nitratidesulfovibrio_vulgaris	1.0	GTDB:s__Nitratidesulfovibrio_vulgaris	1.0		
NCBITaxon:885	Desulfovibrio sp.	NONE		NONE			
NCBITaxon:88730	Pinus massoniana	NONE		NONE			
NCBITaxon:901	Desulfovibrio piger	GTDB:s__Desulfovibrio_piger	1.0	GTDB:s__Desulfovibrio_piger	1.0		
NCBITaxon:90371	Salmonella enterica subsp. enterica serovar Typhimurium	GTDB:s__Salmonella_enterica	1.0	GTDB:s__Salmonella_enterica	1.0		
NCBITaxon:904	Acidaminococcus	GTDB:g__Acidaminococcus	0.991	GTDB:g__Acidaminococcus	0.991		
NCBITaxon:90964	Staphylococcaceae	GTDB:f__Staphylococcaceae	0.993	GTDB:f__Staphylococcaceae	0.964		
NCBITaxon:91061	Bacilli	GTDB:c__Bacilli	0.996	GTDB:c__Bacilli	0.984		
NCBITaxon:913	Nitrobacter winogradskyi	GTDB:s__Nitrobacter_winogradskyi_A	0.88	GTDB:s__Nitrobacter_winogradskyi_A	0.88		
NCBITaxon:915	Nitrosomonas europaea	GTDB:s__Nitrosomonas_europaea	1.0	GTDB:s__Nitrosomonas_europaea	1.0		
NCBITaxon:919	Thiobacillus	GTDB:g__Thiobacillus	0.714	GTDB:g__Thiobacillus	0.708		
NCBITaxon:920	Acidithiobacillus ferrooxidans	GTDB:s__Acidithiobacillus_ferrooxidans	1.0	GTDB:s__Acidithiobacillus_ferrooxidans	1.0		
NCBITaxon:92645	Herbaspirillum frisingense	GTDB:s__Herbaspirillum_frisingense	1.0	GTDB:s__Herbaspirillum_frisingense	1.0		
NCBITaxon:930	Acidithiobacillus thiooxidans	GTDB:s__Acidithiobacillus_thiooxidans	1.0	GTDB:s__Acidithiobacillus_thiooxidans	1.0		
NCBITaxon:931	Thiobacillus thioparus	GTDB:s__Thiobacillus_thioparus	1.0	GTDB:s__Thiobacillus_thioparus	1.0		
NCBITaxon:94625	Brucella intermedia	GTDB:s__Ochrobactrum_intermedium	0.99	GTDB:s__Ochrobactrum_intermedium	0.99		
NCBITaxon:96	Gallionella	GTDB:g__Gallionella	1.0	GTDB:g__Gallionella	1.0		
NCBITaxon:9606	Homo sapiens	NONE		NONE			
NCBITaxon:971	Selenomonas ruminantium	AMBIGUOUS		AMBIGUOUS			
NCBITaxon:97393	Ferroplasma acidarmanus	GTDB:s__Ferroplasma_acidarmanus	1.0	GTDB:s__Ferroplasma_acidarmanus	1.0		
NCBITaxon:976	Bacteroidota	GTDB:p__Bacteroidota	0.999	GTDB:p__Bacteroidota	0.999		
NCBITaxon:986	Flavobacterium johnsoniae	GTDB:s__Flavobacterium_johnsoniae	1.0	GTDB:s__Flavobacterium_johnsoniae	1.0		
