curie,label,retrieved_at
NCBITaxon:100176,Papillibacter cinnamivorans,2026-09-13T06:42:56.470363
NCBITaxon:100226,Streptomyces coelicolor A3(2),2026-09-13T06:42:56.603213
NCBITaxon:101201,Trichoderma asperellum,2026-09-13T06:42:56.558512
NCBITaxon:101510,Rhodococcus jostii RHA1,2026-09-13T06:42:56.554544
NCBITaxon:1021,Beggiatoa,2026-09-13T06:42:56.584889
NCBITaxon:10239,Viruses,2026-09-13T06:42:56.442748
NCBITaxon:1031,Thiothrix nivea,2026-09-13T06:42:56.584614
NCBITaxon:1033,Afipia,2026-09-13T06:42:56.598394
NCBITaxon:1033997,Nitrososphaeraceae,2026-09-13T06:42:56.521624
NCBITaxon:1034015,Nitrososphaera viennensis,2026-09-13T06:42:56.612030
NCBITaxon:105841,Anaerostipes caccae,2026-09-13T06:42:56.573180
NCBITaxon:105972,Methylosarcina fibrata,2026-09-13T06:42:56.525151
NCBITaxon:1061,Rhodobacter capsulatus,2026-09-13T06:42:56.460641
NCBITaxon:1064,Rhodocyclus,2026-09-13T06:42:56.518026
NCBITaxon:106589,Cupriavidus,2026-09-13T10:02:14.970184
NCBITaxon:106591,Ensifer,2026-09-13T06:42:56.490942
NCBITaxon:106592,Ensifer adhaerens,2026-09-13T06:42:56.532952
NCBITaxon:1072583,Vreelandella boliviensis LC1,2026-09-13T06:42:56.590938
NCBITaxon:1076,Rhodopseudomonas palustris,2026-09-13T06:42:56.568437
NCBITaxon:1078905,Nitrosotalea devaniterrae,2026-09-13T06:42:56.430404
NCBITaxon:1079257,Ilyonectria robusta,2026-09-14T20:34:12
NCBITaxon:1089553,Thermacetogenium phaeum DSM 12270,2026-09-13T06:42:56.596899
NCBITaxon:1090,Chlorobiota,2026-09-13T06:42:56.438813
NCBITaxon:1091494,Methylotuvimicrobium alcaliphilum 20Z,2026-09-13T06:42:56.543881
NCBITaxon:110321,Sinorhizobium medicae,2026-09-13T06:42:56.525989
NCBITaxon:110500,Pelotomaculum thermopropionicum,2026-09-13T06:42:56.557132
NCBITaxon:1105143,Kribbella shirazensis,2026-09-13T06:42:56.580172
NCBITaxon:1107,Chloroflexus,2026-09-13T06:42:56.548058
NCBITaxon:110932,Leifsonia,2026-09-13T06:42:56.544975
NCBITaxon:1117,Cyanobacteriota,2026-09-13T06:42:56.545809
NCBITaxon:1117309,Funneliformis coronatus,2026-09-13T13:34:17.462486
NCBITaxon:1122947,Pelosinus fermentans DSM 17108,2026-09-13T06:42:56.489056
NCBITaxon:1125,Microcystis <cyanobacteria>,2026-09-13T06:42:56.538938
NCBITaxon:1125364,Coccomyxa onubensis,2026-09-13T06:42:56.516068
NCBITaxon:1129,Synechococcus,2026-09-13T06:42:56.547241
NCBITaxon:1130819,Lysinibacillus mangiferihumi,2026-09-13T06:42:56.563348
NCBITaxon:1131703,Sphaerochaeta globosa,2026-09-13T06:42:56.483821
NCBITaxon:1133423,Septoglomus constrictum,2026-09-13T13:34:17.453533
NCBITaxon:1134404,Ignavibacteriota,2026-09-13T06:42:56.571457
NCBITaxon:1140,Synechococcus elongatus PCC 7942 = FACHB-805,2026-09-13T06:42:56.590054
NCBITaxon:1148,Synechocystis sp. PCC 6803,2026-09-13T06:42:56.425913
NCBITaxon:1163,Anabaena,2026-09-13T06:42:56.437939
NCBITaxon:1165,Anabaena cylindrica,2026-09-13T06:42:56.536951
NCBITaxon:117187,Fusarium verticillioides,2026-09-13T06:42:56.535486
NCBITaxon:1175444,Methanocella conradii,2026-09-13T06:42:56.557539
NCBITaxon:1176259,Pseudomonas songnenensis,2026-09-13T06:42:56.563637
NCBITaxon:1179,Desmonostoc muscorum,2026-09-13T06:42:56.537234
NCBITaxon:118127,Chryseobacterium proteolyticum,2026-09-13T06:42:56.579275
NCBITaxon:1183412,Agrobacterium deltae,2026-09-13T06:42:56.589752
NCBITaxon:118562,Limnospira platensis,2026-09-13T06:42:56.537480
NCBITaxon:118667,Bordetella sp. M1-6,2026-09-13T06:42:56.572899
NCBITaxon:118669,Pseudoxanthomonas sp. M1-3,2026-09-13T06:42:56.572568
NCBITaxon:119060,Burkholderiaceae,2026-09-13T06:42:56.566730
NCBITaxon:119219,Cupriavidus metallidurans,2026-09-13T06:42:56.455407
NCBITaxon:119484,Syntrophobacter fumaroxidans,2026-09-13T06:42:56.592132
NCBITaxon:119532,Microcoleus vaginatus,2026-09-13T06:42:56.544483
NCBITaxon:119977,Acidithiobacillus,2026-09-13T06:42:56.482429
NCBITaxon:120961,Roseiflexus,2026-09-13T06:42:56.547587
NCBITaxon:121039,Ferrimicrobium acidiphilum,2026-09-13T06:42:56.428913
NCBITaxon:1215089,Planococcus halocryophilus,2026-09-13T06:42:56.536594
NCBITaxon:1218105,Cupriavidus necator NBRC 102504,2026-09-13T06:42:56.542645
NCBITaxon:1219,Prochlorococcus marinus,2026-09-13T06:42:56.564577
NCBITaxon:1224,Pseudomonadota,2026-09-13T06:42:56.426203
NCBITaxon:1234,Nitrospira,2026-09-13T06:42:56.431299
NCBITaxon:1236,Gammaproteobacteria,2026-09-13T06:42:56.427713
NCBITaxon:1239,Bacillota,2026-09-13T06:42:56.436748
NCBITaxon:1243,Leuconostoc,2026-09-13T06:42:56.586951
NCBITaxon:1245,Leuconostoc mesenteroides,2026-09-13T06:42:56.451897
NCBITaxon:1253,Pediococcus,2026-09-13T06:42:56.587242
NCBITaxon:1261393,Desulfatiglans parachlorophenolica,2026-09-13T06:42:56.600494
NCBITaxon:1264,Hominimerdicola alba,2026-09-13T06:42:56.457210
NCBITaxon:1269,Micrococcus,2026-09-13T06:42:56.519153
NCBITaxon:1270,Micrococcus luteus,2026-09-13T06:42:56.412325
NCBITaxon:1272,Kocuria varians,2026-09-13T06:42:56.518589
NCBITaxon:1279,Staphylococcus,2026-09-13T06:42:56.462316
NCBITaxon:1280,Staphylococcus aureus,2026-09-13T06:42:56.453374
NCBITaxon:129001,Syntrophothermus,2026-09-13T06:42:56.412718
NCBITaxon:12916,Acidovorax,2026-09-13T06:42:56.569901
NCBITaxon:12960,Azoarcus,2026-09-13T06:42:56.540146
NCBITaxon:1303,Streptococcus oralis,2026-09-13T06:42:56.493181
NCBITaxon:1304,Streptococcus salivarius,2026-09-13T06:42:56.488229
NCBITaxon:1305,Streptococcus sanguinis,2026-09-13T06:42:56.488475
NCBITaxon:1308,Streptococcus thermophilus,2026-09-13T06:42:56.413090
NCBITaxon:1309,Streptococcus mutans,2026-09-13T06:42:56.487891
NCBITaxon:131567,cellular organisms,2026-09-13T06:42:56.476946
NCBITaxon:1316151,Septoglomus viscosum,2026-09-13T13:34:17.487132
NCBITaxon:1317,Streptococcus downei,2026-09-13T06:42:56.493664
NCBITaxon:133,Methylocystis,2026-09-13T06:42:56.540480
NCBITaxon:1335,Streptococcus equinus,2026-09-13T06:42:56.577006
NCBITaxon:1335640,Clostridium saccharoperbutylacetonicum N1-4,2026-09-13T06:42:56.476657
NCBITaxon:1336235,Paenirhizobium selenitireducens ATCC BAA-1503,2026-09-13T06:42:56.555509
NCBITaxon:13366,Brettanomyces,2026-09-13T06:42:56.523533
NCBITaxon:133925,Olsenella,2026-09-13T06:42:56.505826
NCBITaxon:134,Methylocystis parvus,2026-09-13T06:42:56.543367
NCBITaxon:1344414,Trichoderma reesei RUT C-30,2026-09-13T06:42:56.602642
NCBITaxon:1350,Enterococcus,2026-09-13T06:42:56.498974
NCBITaxon:1350461,Synechococcus elongatus UTEX 2973,2026-09-13T06:42:56.591239
NCBITaxon:1351,Enterococcus faecalis,2026-09-13T06:42:56.413428
NCBITaxon:135461,Bacillus subtilis subsp. subtilis,2026-09-13T16:15:34.161608
NCBITaxon:135614,Lysobacterales,2026-09-13T06:42:56.485304
NCBITaxon:135619,Oceanospirillales,2026-09-13T06:42:56.486455
NCBITaxon:1358,Lactococcus lactis,2026-09-13T06:42:56.413675
NCBITaxon:13687,Sphingomonas,2026-09-13T06:42:56.593624
NCBITaxon:1377992,Halovenus,2026-09-13T06:42:56.575080
NCBITaxon:1379858,Mucispirillum schaedleri ASF457,2026-09-13T06:42:56.437339
NCBITaxon:138074,Serratia symbiotica,2026-09-13T06:42:56.456261
NCBITaxon:1384459,Methyloceanibacter caenitepidi,2026-09-13T06:42:56.543057
NCBITaxon:1386,Bacillus <firmicutes>,2026-09-13T06:42:56.413919
NCBITaxon:1390,Bacillus amyloliquefaciens,2026-09-13T21:26:33.511286
NCBITaxon:1396,Bacillus cereus,2026-09-13T06:42:56.465284
NCBITaxon:1398,Heyndrickxia coagulans,2026-09-13T06:42:56.492319
NCBITaxon:1399,Cytobacillus firmus,2026-09-13T06:42:56.559264
NCBITaxon:1401,Paenibacillus lautus,2026-09-13T06:42:56.577922
NCBITaxon:1402,Bacillus licheniformis,2026-09-13T06:42:56.425601
NCBITaxon:1404,Priestia megaterium,2026-09-13T06:42:56.528431
NCBITaxon:1406,Paenibacillus polymyxa,2026-09-13T06:42:56.504597
NCBITaxon:1408,Bacillus pumilus,2026-09-13T16:15:34.174212
NCBITaxon:1421,Lysinibacillus sphaericus,2026-09-13T06:42:56.562963
NCBITaxon:142182,Gemmatimonadota,2026-09-13T06:42:56.494778
NCBITaxon:1423,Bacillus subtilis,2026-09-13T06:42:56.414162
NCBITaxon:1428,Bacillus thuringiensis,2026-09-13T06:42:56.595103
NCBITaxon:1432792,Methylocaldum marinum,2026-09-13T06:42:56.542175
NCBITaxon:1434011,Komagataeibacter,2026-09-13T06:42:56.523000
NCBITaxon:1434019,Mameliella,2026-09-13T06:42:56.480394
NCBITaxon:1436290,Candidatus Symbiobacter mobilis,2026-09-13T06:42:56.469335
NCBITaxon:145260,Methanothermobacter,2026-09-13T06:42:56.414408
NCBITaxon:145262,Methanothermobacter thermautotrophicus,2026-09-13T06:42:56.557842
NCBITaxon:1462422,Candidatus Parvarchaeota,2026-09-13T06:42:56.571126
NCBITaxon:146918,Salinibacter,2026-09-13T06:42:56.576495
NCBITaxon:148447,Paraburkholderia phymatum,2026-09-13T10:02:14.991001
NCBITaxon:1485,Clostridium,2026-09-13T06:42:56.499272
NCBITaxon:1488,Clostridium acetobutylicum,2026-09-13T06:42:56.471195
NCBITaxon:1492,Clostridium butyricum,2026-09-13T06:42:56.573429
NCBITaxon:149698,Massilia,2026-09-13T06:42:56.490457
NCBITaxon:1501,Clostridium pasteurianum,2026-09-13T06:42:56.508892
NCBITaxon:1501972,Brevundimonas sp. R3,2026-09-13T06:42:56.530781
NCBITaxon:1512,[Clostridium] symbiosum,2026-09-13T06:42:56.414741
NCBITaxon:1515,Acetivibrio thermocellus,2026-09-13T06:42:56.458071
NCBITaxon:1517,Thermoanaerobacterium thermosaccharolyticum,2026-09-13T06:42:56.476413
NCBITaxon:1519,Clostridium tyrobutyricum,2026-09-13T06:42:56.602289
NCBITaxon:1520,Clostridium beijerinckii,2026-09-13T06:42:56.473338
NCBITaxon:1521,Ruminiclostridium cellulolyticum,2026-09-13T06:42:56.460976
NCBITaxon:1521555,Eucapsis,2026-09-13T06:42:56.535794
NCBITaxon:1534,Clostridium kluyveri,2026-09-13T06:42:56.472001
NCBITaxon:1538,Clostridium ljungdahlii,2026-09-13T06:42:56.471436
NCBITaxon:1546519,Sulfitobacter sp. SA11,2026-09-13T06:42:56.568125
NCBITaxon:1547,Thomasclavelia ramosa,2026-09-13T06:42:56.573678
NCBITaxon:1571157,Coniochaeta sp. 2T2.1,2026-09-13T06:42:56.477732
NCBITaxon:1577725,Conticribra weissflogii,2026-09-13T06:42:56.595709
NCBITaxon:1578,Lactobacillus,2026-09-13T06:42:56.437044
NCBITaxon:1579,Lactobacillus acidophilus,2026-09-13T06:42:56.414985
NCBITaxon:1582,Lacticaseibacillus casei,2026-09-13T06:42:56.487594
NCBITaxon:1585,Lactobacillus delbrueckii subsp. bulgaricus,2026-09-13T06:42:56.608720
NCBITaxon:1589,Lactiplantibacillus pentosus,2026-09-13T06:42:56.601969
NCBITaxon:1590,Lactiplantibacillus plantarum,2026-09-13T06:42:56.415228
NCBITaxon:159743,Paenibacillus terrae,2026-09-13T06:42:56.562299
NCBITaxon:16,Methylophilus,2026-09-13T06:42:56.525476
NCBITaxon:160488,Pseudomonas putida KT2440,2026-09-13T06:42:56.554924
NCBITaxon:1605331,Microbacterium sp. UYFA68,2026-09-13T06:42:56.530190
NCBITaxon:161493,Anaeromyxobacter dehalogenans,2026-09-13T06:42:56.571740
NCBITaxon:1624,Ligilactobacillus salivarius,2026-09-13T06:42:56.463539
NCBITaxon:1646340,Kosakonia pseudosacchari,2026-09-13T06:42:56.528979
NCBITaxon:165179,Segatella copri,2026-09-13T06:42:56.415471
NCBITaxon:1655,Actinomyces naeslundii,2026-09-13T06:42:56.494025
NCBITaxon:165695,Sphingobium,2026-09-13T06:42:56.549971
NCBITaxon:1663,Arthrobacter,2026-09-13T06:42:56.415717
NCBITaxon:166486,Roseburia intestinalis,2026-09-13T06:42:56.513086
NCBITaxon:1667,Arthrobacter sp.,2026-09-13T06:42:56.496765
NCBITaxon:1671625,Candidatus Methanoculleus thermohydrogenotrophicum,2026-09-13T06:42:56.416050
NCBITaxon:1673428,Cuniculiplasma divulgatum,2026-09-13T06:42:56.517170
NCBITaxon:1678,Bifidobacterium,2026-09-13T06:42:56.506803
NCBITaxon:1681,Bifidobacterium bifidum,2026-09-13T06:42:56.453954
NCBITaxon:1682,Bifidobacterium longum subsp. infantis,2026-09-13T06:42:56.453662
NCBITaxon:168384,Marvinbryantia formatexigens,2026-09-13T06:42:56.513500
NCBITaxon:1685,Bifidobacterium breve,2026-09-13T06:42:56.447740
NCBITaxon:1696,Brevibacterium,2026-09-13T06:42:56.462614
NCBITaxon:1699721,Neotibicen canicularis,2026-09-13T06:42:56.451014
NCBITaxon:1707,Cellulomonas,2026-09-13T06:42:56.460316
NCBITaxon:1708,Cellulomonas fimi,2026-09-13T06:42:56.546101
NCBITaxon:1718,Corynebacterium glutamicum,2026-09-13T06:42:56.479157
NCBITaxon:1763,Mycobacterium,2026-09-13T06:42:56.495404
NCBITaxon:1766253,Agathobacter,2026-09-13T06:42:56.506383
NCBITaxon:1769012,Arachidicoccus,2026-09-13T06:42:56.599593
NCBITaxon:1783273,Patescibacteria group,2026-09-13T06:42:56.482185
NCBITaxon:1783276,Nanobdellati,2026-09-13T06:42:56.500676
NCBITaxon:1785,Mycobacterium sp.,2026-09-13T06:42:56.532365
NCBITaxon:178606,Leptospirillum ferriphilum,2026-09-13T06:42:56.442162
NCBITaxon:178898,Carboxydocella,2026-09-13T06:42:56.583525
NCBITaxon:179,Leptospirillum,2026-09-13T06:42:56.514179
NCBITaxon:179879,Burkholderia anthina,2026-09-13T06:42:56.578795
NCBITaxon:18,Pelobacter,2026-09-13T06:42:56.489578
NCBITaxon:180,Leptospirillum ferrooxidans,2026-09-13T06:42:56.545566
NCBITaxon:180162,Cetobacterium,2026-09-13T06:42:56.481552
NCBITaxon:1801631,Microcaldota,2026-09-13T06:42:56.570878
NCBITaxon:1814128,Streptococcus halotolerans,2026-09-13T06:42:56.416297
NCBITaxon:1817801,Candidatus Eiseniibacteriota,2026-09-13T06:42:56.537752
NCBITaxon:1822464,Paraburkholderia,2026-09-13T06:42:56.495102
NCBITaxon:1827,Rhodococcus <high G+C Gram-positive bacteria>,2026-09-13T06:42:56.441066
NCBITaxon:1840214,Lentimicrobium,2026-09-13T06:42:56.416539
NCBITaxon:1847,Pseudonocardia,2026-09-13T06:42:56.565795
NCBITaxon:1849822,Paraclostridium,2026-09-13T06:42:56.481916
NCBITaxon:186490,Candidatus Palibaumannia cicadellinicola,2026-09-13T06:42:56.450651
NCBITaxon:1866885,Mycolicibacterium,2026-09-13T06:42:56.565461
NCBITaxon:186801,Clostridia,2026-09-13T06:42:56.510108
NCBITaxon:1869185,Taibaiella sp.,2026-09-13T06:42:56.531266
NCBITaxon:1871043,Variovorax sp.,2026-09-13T06:42:56.440801
NCBITaxon:1871068,Phyllobacteriaceae bacterium,2026-09-13T06:42:56.526236
NCBITaxon:1872086,Ensifer sp.,2026-09-13T06:42:56.532118
NCBITaxon:1872114,Acidiplasma sp.,2026-09-13T06:42:56.516898
NCBITaxon:1872122,Acidovorax sp.,2026-09-13T06:42:56.492939
NCBITaxon:1872427,Alcanivorax sp.,2026-09-13T06:42:56.508598
NCBITaxon:1873462,Microbacteriaceae bacterium,2026-09-13T06:42:56.527599
NCBITaxon:1883,Streptomyces,2026-09-13T06:42:56.447498
NCBITaxon:1889,Streptomyces ambofaciens,2026-09-13T06:42:56.577659
NCBITaxon:189779,Nitrospiraceae,2026-09-13T06:42:56.521890
NCBITaxon:1902583,Candidatus Desulfofervidus,2026-09-13T06:42:56.431904
NCBITaxon:1904413,Suillus clintonianus,2026-09-13T06:42:56.583901
NCBITaxon:1908224,Sphingopyxis sp.,2026-09-13T06:42:56.531835
NCBITaxon:190972,Sedimentibacter,2026-09-13T06:42:56.416783
NCBITaxon:1913961,Rhizobiaceae bacterium,2026-09-13T06:42:56.526574
NCBITaxon:1914288,Dyadobacter sp.,2026-09-13T06:42:56.531025
NCBITaxon:1914538,Pseudomonadaceae bacterium,2026-09-13T06:42:56.527356
NCBITaxon:1918507,Candidatus Phosphitivorax anaerolimi,2026-09-13T06:42:56.561261
NCBITaxon:192,Azospirillum brasilense,2026-09-13T06:42:56.466649
NCBITaxon:1928,Streptomyces rochei,2026-09-13T06:42:56.611032
NCBITaxon:1931,Streptomyces sp.,2026-09-13T06:42:56.441332
NCBITaxon:1935183,Promethearchaeati,2026-09-13T06:42:56.439689
NCBITaxon:1979961,Wenzhouxiangella sp.,2026-09-13T06:42:56.560449
NCBITaxon:198620,Pseudomonas koreensis,2026-09-13T06:42:56.561965
NCBITaxon:1988,Actinomadura,2026-09-13T06:42:56.477486
NCBITaxon:2,Bacteria,2026-09-13T06:42:56.417083
NCBITaxon:20,Phenylobacterium,2026-09-13T06:42:56.599902
NCBITaxon:200795,Chloroflexota,2026-09-13T06:42:56.510637
NCBITaxon:200918,Thermotogota,2026-09-13T06:42:56.511004
NCBITaxon:200940,Thermodesulfobacteriota,2026-09-13T06:42:56.604321
NCBITaxon:201174,Actinomycetota,2026-09-13T06:42:56.434029
NCBITaxon:2026186,Bacillus paranthracis,2026-09-13T06:42:56.425310
NCBITaxon:2026194,Bacillus paramycoides,2026-09-13T16:15:34.209129
NCBITaxon:202950,Acinetobacter baylyi,2026-09-13T06:42:56.574832
NCBITaxon:2030806,Burkholderiaceae bacterium,2026-09-13T06:42:56.526866
NCBITaxon:203119,Acetivibrio thermocellus ATCC 27405,2026-09-13T06:42:56.472263
NCBITaxon:203124,Trichodesmium erythraeum IMS101,2026-09-13T06:42:56.603560
NCBITaxon:2034,Curtobacterium,2026-09-13T06:42:56.544731
NCBITaxon:2034504,Sulfurivermis,2026-09-13T06:42:56.539564
NCBITaxon:203682,Planctomycetota,2026-09-13T06:42:56.438229
NCBITaxon:203691,Spirochaetota,2026-09-13T06:42:56.507145
NCBITaxon:204441,Rhodospirillales,2026-09-13T06:42:56.483033
NCBITaxon:204476,Labrys <a-proteobacteria>,2026-09-13T06:42:56.610364
NCBITaxon:2052312,Candidatus Dormiibacterota,2026-09-13T06:42:56.577342
NCBITaxon:2053,Gordonia <high G+C Gram-positive bacteria>,2026-09-13T06:42:56.417373
NCBITaxon:2093828,Neorhizobium tomejilense,2026-09-13T06:42:56.532609
NCBITaxon:211586,Shewanella oneidensis MR-1,2026-09-13T06:42:56.428306
NCBITaxon:213118,Desulfobacterales,2026-09-13T06:42:56.433119
NCBITaxon:213119,Desulfobacteraceae,2026-09-13T06:42:56.432806
NCBITaxon:213121,Desulfobulbaceae,2026-09-13T06:42:56.457482
NCBITaxon:2157,Archaea,2026-09-13T06:42:56.433418
NCBITaxon:215813,Dinoroseobacter shibae,2026-09-13T06:42:56.554085
NCBITaxon:2160,Methanobacterium,2026-09-13T06:42:56.539312
NCBITaxon:2162,Methanobacterium formicicum,2026-09-13T06:42:56.470954
NCBITaxon:216389,Dehalococcoides mccartyi BAV1,2026-09-13T06:42:56.489336
NCBITaxon:216431,Croceibacter,2026-09-13T06:42:56.481067
NCBITaxon:216816,Bifidobacterium longum,2026-09-13T06:42:56.417615
NCBITaxon:217159,Clostridium carboxidivorans,2026-09-13T06:42:56.472749
NCBITaxon:2172,Methanobrevibacter,2026-09-13T06:42:56.515727
NCBITaxon:2173,Methanobrevibacter smithii,2026-09-13T06:42:56.446101
NCBITaxon:219572,Pseudomonas antarctica,2026-09-13T06:42:56.417861
NCBITaxon:22,Shewanella,2026-09-13T06:42:56.551419
NCBITaxon:2203,Methanospirillum hungatei,2026-09-13T06:42:56.560080
NCBITaxon:2207,Methanosarcina,2026-09-13T06:42:56.418150
NCBITaxon:2208,Methanosarcina barkeri,2026-09-13T06:42:56.484757
NCBITaxon:2209,Methanosarcina mazei,2026-09-13T06:42:56.483581
NCBITaxon:222,Achromobacter,2026-09-13T06:42:56.597203
NCBITaxon:2223,Methanothrix soehngenii,2026-09-13T06:42:56.461666
NCBITaxon:2237,Haloarcula,2026-09-13T06:42:56.575762
NCBITaxon:2239,Halobacterium,2026-09-13T06:42:56.576227
NCBITaxon:223967,Methylorubrum populi,2026-09-13T06:42:56.528674
NCBITaxon:224756,Methanomicrobia,2026-09-13T06:42:56.436437
NCBITaxon:225937,Marinobacter adhaerens HP15,2026-09-13T06:42:56.596004
NCBITaxon:226186,Bacteroides thetaiotaomicron VPI-5482,2026-09-13T06:42:56.445515
NCBITaxon:2268204,Thermoplasmatales archaeon,2026-09-13T06:42:56.517539
NCBITaxon:2283796,Thermoplasmatota,2026-09-13T06:42:56.439099
NCBITaxon:2301,Thermoplasmatales,2026-09-13T06:42:56.483337
NCBITaxon:231455,Dyella japonica,2026-09-13T06:42:56.485011
NCBITaxon:2357,Desulfomonile,2026-09-13T06:42:56.515184
NCBITaxon:236401,Graphocephala coccinea,2026-09-13T06:42:56.450408
NCBITaxon:237,Flavobacterium,2026-09-13T06:42:56.485684
NCBITaxon:2375,Sporomusa,2026-09-13T06:42:56.521379
NCBITaxon:237612,Sphingomonas panni,2026-09-13T06:42:56.593328
NCBITaxon:239,Flavobacterium sp.,2026-09-13T06:42:56.441603
NCBITaxon:239935,Akkermansia muciniphila,2026-09-13T06:42:56.418568
NCBITaxon:243164,Dehalococcoides mccartyi 195,2026-09-13T06:42:56.488743
NCBITaxon:243232,Methanocaldococcus jannaschii DSM 2661,2026-09-13T06:42:56.598089
NCBITaxon:243274,Thermotoga maritima MSB8,2026-09-13T06:42:56.597791
NCBITaxon:244366,Klebsiella variicola,2026-09-13T06:42:56.520542
NCBITaxon:245876,Nitratireductor,2026-09-13T06:42:56.418814
NCBITaxon:246200,Ruegeria pomeroyi DSS-3,2026-09-13T06:42:56.596595
NCBITaxon:2487276,Bacillus cabrialesii,2026-09-13T06:42:56.503963
NCBITaxon:2496117,Variovorax beijingensis,2026-09-13T06:42:56.533249
NCBITaxon:250,Chryseobacterium gleum,2026-09-13T06:42:56.582083
NCBITaxon:252970,Paraburkholderia phenoliruptrix,2026-09-13T10:02:14.982287
NCBITaxon:253,Chryseobacterium indologenes,2026-09-13T06:42:56.534884
NCBITaxon:2530459,Galdieria sp.,2026-09-13T06:42:56.541374
NCBITaxon:253314,Acetivibrio straminisolvens,2026-09-13T06:42:56.572072
NCBITaxon:255204,Pseudoclavibacter,2026-09-13T11:32:05.864057
NCBITaxon:2571160,Trinickia,2026-09-13T10:02:15.010050
NCBITaxon:258594,Rhodopseudomonas palustris CGA009,2026-09-13T06:42:56.473821
NCBITaxon:2591003,Ferroplasma sp.,2026-09-13T06:42:56.516650
NCBITaxon:2597222,Candidatus Acidulidesulfobacterium,2026-09-13T06:42:56.515479
NCBITaxon:266,Paracoccus denitrificans,2026-09-13T06:42:56.561622
NCBITaxon:267377,Methanococcus maripaludis S2,2026-09-13T06:42:56.491206
NCBITaxon:2675547,Chlorella sp. HS2,2026-09-13T06:42:56.544213
NCBITaxon:267818,Lactobacillus kefiranofaciens,2026-09-13T06:42:56.451622
NCBITaxon:2689614,Steroidobacteraceae,2026-09-13T06:42:56.522203
NCBITaxon:2697049,Severe acute respiratory syndrome coronavirus 2,2026-09-13T06:42:56.447198
NCBITaxon:269797,Methanosarcina barkeri str. Fusaro,2026-09-13T06:42:56.473579
NCBITaxon:270351,Methylobacterium aquaticum,2026-09-13T06:42:56.465903
NCBITaxon:272562,Clostridium acetobutylicum ATCC 824,2026-09-13T06:42:56.474065
NCBITaxon:272772,Pseudomonas pudica,2026-09-13T06:42:56.578305
NCBITaxon:2736640,Pseudonocardia broussonetiae,2026-09-13T06:42:56.566176
NCBITaxon:27381,Funneliformis mosseae,2026-09-13T13:34:17.478837
NCBITaxon:2740557,Pauljensenia,2026-09-13T06:42:56.506081
NCBITaxon:2742,Marinobacter,2026-09-13T06:42:56.481310
NCBITaxon:2759,Eukaryota,2026-09-13T06:42:56.442474
NCBITaxon:2782567,Paenarthrobacter sp. GOM3,2026-09-13T06:42:56.508259
NCBITaxon:2800685,Pelagerythrobacter,2026-09-13T06:42:56.419094
NCBITaxon:280333,Bradyrhizobium pachyrhizi,2026-09-13T06:42:56.555214
NCBITaxon:28034,Sulfobacillus thermosulfidooxidans,2026-09-13T06:42:56.478816
NCBITaxon:28037,Streptococcus mitis,2026-09-13T06:42:56.493422
NCBITaxon:28065,Rhodoferax,2026-09-13T06:42:56.435836
NCBITaxon:28108,Alteromonas macleodii,2026-09-13T06:42:56.564922
NCBITaxon:28116,Bacteroides ovatus,2026-09-13T06:42:56.419337
NCBITaxon:2818505,Myxococcota,2026-09-13T06:42:56.538154
NCBITaxon:28211,Alphaproteobacteria,2026-09-13T06:42:56.549251
NCBITaxon:28216,Betaproteobacteria,2026-09-13T06:42:56.494292
NCBITaxon:28228,Colwellia,2026-09-13T06:42:56.486812
NCBITaxon:28231,Geobacter,2026-09-13T06:42:56.469878
NCBITaxon:28232,Geobacter metallireducens,2026-09-13T06:42:56.509188
NCBITaxon:28261,Thermodesulfovibrio,2026-09-13T06:42:56.548316
NCBITaxon:2836,Bacillariophyta,2026-09-13T06:42:56.591838
NCBITaxon:2837503,Gottfriedia,2026-09-13T06:42:56.498111
NCBITaxon:28453,Sphingobacterium,2026-09-13T06:42:56.500429
NCBITaxon:2853159,Pseudomonas pergaminensis,2026-09-13T06:42:56.505472
NCBITaxon:286,Pseudomonas,2026-09-13T06:42:56.439387
NCBITaxon:287,Pseudomonas aeruginosa,2026-09-13T06:42:56.434926
NCBITaxon:2886510,Sphingobacterium paramultivorum,2026-09-13T06:42:56.478007
NCBITaxon:28889,Thermoproteota,2026-09-13T06:42:56.538399
NCBITaxon:28890,Methanobacteriota,2026-09-13T06:42:56.511379
NCBITaxon:2903,Emiliania huxleyi,2026-09-13T06:42:56.499568
NCBITaxon:2924872,Acididesulfobacillus,2026-09-13T06:42:56.512262
NCBITaxon:29305,Streptomyces griseoincarnatus,2026-09-13T06:42:56.611692
NCBITaxon:293387,Bacillus altitudinis,2026-09-13T06:42:56.584305
NCBITaxon:29388,Staphylococcus capitis,2026-09-13T06:42:56.419661
NCBITaxon:29394,Dolosigranulum pigrum,2026-09-13T06:42:56.453086
NCBITaxon:294,Pseudomonas fluorescens,2026-09-13T06:42:56.518268
NCBITaxon:29448,Bradyrhizobium elkanii,2026-09-13T06:42:56.582661
NCBITaxon:29466,Veillonella parvula,2026-09-13T06:42:56.454554
NCBITaxon:296543,Thalassiosira pseudonana CCMP1335,2026-09-13T06:42:56.596301
NCBITaxon:2982533,Microbacterium forte,2026-09-13T06:42:56.465029
NCBITaxon:29875,Trichoderma virens,2026-09-13T06:42:56.446906
NCBITaxon:299767,Enterobacter ludwigii,2026-09-13T06:42:56.579715
NCBITaxon:301148,Caldibacillus debilis,2026-09-13T06:42:56.458379
NCBITaxon:301375,Methanothrix harundinacea,2026-09-13T06:42:56.509442
NCBITaxon:303,Pseudomonas putida,2026-09-13T06:42:56.419913
NCBITaxon:3039,Euglena gracilis,2026-09-13T06:42:56.502610
NCBITaxon:3041,Chlorophyta,2026-09-13T06:42:56.457750
NCBITaxon:3055,Chlamydomonas reinhardtii,2026-09-13T06:42:56.464776
NCBITaxon:306,Pseudomonas sp.,2026-09-13T06:42:56.440241
NCBITaxon:3071,Chlorella,2026-09-13T06:42:56.467163
NCBITaxon:3073,Scenedesmus fuscus,2026-09-13T06:42:56.467466
NCBITaxon:3074,Parachlorella kessleri,2026-09-13T06:42:56.556807
NCBITaxon:3076,Chlorella sorokiniana,2026-09-13T06:42:56.466182
NCBITaxon:307628,Petrimonas,2026-09-13T06:42:56.607395
NCBITaxon:3077,Chlorella vulgaris,2026-09-13T06:42:56.468537
NCBITaxon:3078,Auxenochlorella pyrenoidosa,2026-09-13T06:42:56.503044
NCBITaxon:3120696,Ferrovibrionaceae,2026-09-13T06:42:56.610704
NCBITaxon:312306,Pseudomonas entomophila,2026-09-13T06:42:56.581678
NCBITaxon:316,Stutzerimonas stutzeri,2026-09-13T06:42:56.567638
NCBITaxon:316385,Escherichia coli str. K-12 substr. DH10B,2026-09-13T06:42:56.474488
NCBITaxon:316612,Methylibium,2026-09-13T06:42:56.566483
NCBITaxon:319464,Clostridium sp. FG4,2026-09-13T06:42:56.572320
NCBITaxon:32008,Burkholderia,2026-09-13T06:42:56.520871
NCBITaxon:32011,Methylophilaceae,2026-09-13T06:42:56.524076
NCBITaxon:32046,Synechococcus elongatus,2026-09-13T06:42:56.590644
NCBITaxon:32049,Picosynechococcus sp. PCC 7002,2026-09-13T06:42:56.538645
NCBITaxon:32207,Rothia <high G+C Gram-positive bacteria>,2026-09-13T06:42:56.609708
NCBITaxon:323259,Methanospirillum hungatei JF-1,2026-09-13T06:42:56.461315
NCBITaxon:323284,Alcaligenes aquatilis,2026-09-13T16:15:34.223314
NCBITaxon:324747,Pseudoxanthomonas byssovorax,2026-09-13T06:42:56.551842
NCBITaxon:327159,Candidatus Accumulibacter,2026-09-13T06:42:56.433723
NCBITaxon:328301,Syntrophorhabdus aromaticivorans,2026-09-13T06:42:56.559676
NCBITaxon:33035,Blautia producta,2026-09-13T06:42:56.420161
NCBITaxon:33038,Mediterraneibacter gnavus,2026-09-13T06:42:56.447984
NCBITaxon:33059,Acidithiobacillus caldus,2026-09-13T06:42:56.516406
NCBITaxon:33075,Acidobacterium capsulatum,2026-09-13T06:42:56.430108
NCBITaxon:332101,Clostridium drakei,2026-09-13T06:42:56.434626
NCBITaxon:33642,Coscinodiscus radiatus,2026-09-13T06:42:56.480057
NCBITaxon:336809,Candidatus Karelsulcia,2026-09-13T06:42:56.449809
NCBITaxon:33849,Bacillariophyceae,2026-09-13T06:42:56.598984
NCBITaxon:3386252,Candidatus Methanogaster,2026-09-13T06:42:56.432500
NCBITaxon:33882,Microbacterium,2026-09-13T06:42:56.485934
NCBITaxon:33883,Microbacterium arborescens,2026-09-13T06:42:56.594516
NCBITaxon:33905,Bifidobacterium thermophilum,2026-09-13T06:42:56.507429
NCBITaxon:33952,Acetobacterium woodii,2026-09-13T06:42:56.434331
NCBITaxon:33959,Lactobacillus johnsonii,2026-09-13T06:42:56.463794
NCBITaxon:33962,Lentilactobacillus kefiri,2026-09-13T06:42:56.452172
NCBITaxon:340177,Chlorobium chlorochromatii CaD3,2026-09-13T06:42:56.469043
NCBITaxon:34037,Rahnella,2026-09-13T06:42:56.586656
NCBITaxon:34067,Cycloclasticus,2026-09-13T06:42:56.487112
NCBITaxon:34072,Variovorax,2026-09-13T06:42:56.495644
NCBITaxon:34073,Variovorax paradoxus,2026-09-13T06:42:56.568974
NCBITaxon:34305,Lotus japonicus,2026-09-13T06:42:56.527925
NCBITaxon:34358,Maudiozyma exigua,2026-09-13T06:42:56.452754
NCBITaxon:3469242,Tropidoatractus sp. MC-2025a,2026-09-13T06:42:56.603897
NCBITaxon:351627,Caldicellulosiruptor saccharolyticus DSM 8903,2026-09-13T06:42:56.458694
NCBITaxon:353,Azotobacter chroococcum,2026-09-13T06:42:56.528189
NCBITaxon:354,Azotobacter vinelandii,2026-09-13T06:42:56.590349
NCBITaxon:354354,Niastella,2026-09-13T06:42:56.497871
NCBITaxon:35554,Geobacter sulfurreducens,2026-09-13T06:42:56.428009
NCBITaxon:356,Hyphomicrobiales,2026-09-13T06:42:56.598690
NCBITaxon:357809,Lachnoclostridium phytofermentans ISDg,2026-09-13T06:42:56.475062
NCBITaxon:358,Agrobacterium tumefaciens,2026-09-13T06:42:56.468797
NCBITaxon:359407,Methylotenera,2026-09-13T06:42:56.524611
NCBITaxon:36015,Pichia kluyveri,2026-09-13T06:42:56.420412
NCBITaxon:363331,Chryseobacterium taiwanense,2026-09-13T06:42:56.530540
NCBITaxon:36667,Philaenus spumarius,2026-09-13T06:42:56.449518
NCBITaxon:36853,Desulfitobacterium,2026-09-13T06:42:56.563887
NCBITaxon:36910,Clavispora,2026-09-13T06:42:56.589146
NCBITaxon:3702,Arabidopsis thaliana,2026-09-13T06:42:56.439965
NCBITaxon:372461,Buchnera aphidicola BCc,2026-09-13T06:42:56.455988
NCBITaxon:37319,Pseudo-nitzschia multiseries,2026-09-13T06:42:56.567882
NCBITaxon:374,Bradyrhizobium,2026-09-13T06:42:56.496150
NCBITaxon:374432,Methylobacterium tardum,2026-09-13T06:42:56.501555
NCBITaxon:3747,Fragaria x ananassa,2026-09-13T06:42:56.467967
NCBITaxon:375,Bradyrhizobium japonicum,2026-09-13T06:42:56.444260
NCBITaxon:375288,Parabacteroides,2026-09-13T06:42:56.437648
NCBITaxon:375486,Paenibacillus sp. PALXIL05,2026-09-13T06:42:56.529810
NCBITaxon:379,Rhizobium,2026-09-13T06:42:56.495884
NCBITaxon:37919,Rhodococcus opacus,2026-09-13T06:42:56.543631
NCBITaxon:37927,Sinomonas atrocyanea,2026-09-13T06:42:56.545302
NCBITaxon:380021,Pseudomonas protegens,2026-09-13T06:42:56.519987
NCBITaxon:3818,Arachis hypogaea,2026-09-13T06:42:56.585759
NCBITaxon:382,Sinorhizobium meliloti,2026-09-13T06:42:56.525745
NCBITaxon:3847,Glycine max,2026-09-13T06:42:56.583162
NCBITaxon:39152,Methanococcus maripaludis,2026-09-13T06:42:56.484510
NCBITaxon:391619,Phaeobacter inhibens DSM 17395,2026-09-13T06:42:56.499888
NCBITaxon:392733,Terriglobus,2026-09-13T06:42:56.609380
NCBITaxon:3932,Eucalyptus,2026-09-13T06:42:56.502349
NCBITaxon:39488,Anaerobutyricum hallii,2026-09-13T06:42:56.512759
NCBITaxon:395331,Methanoregula,2026-09-13T06:42:56.533491
NCBITaxon:395960,Rhodopseudomonas palustris TIE-1,2026-09-13T06:42:56.568731
NCBITaxon:399726,Thermoanaerobacter sp. X514,2026-09-13T06:42:56.476130
NCBITaxon:40214,Acinetobacter johnsonii,2026-09-13T06:42:56.608064
NCBITaxon:40216,Acinetobacter radioresistens,2026-09-13T06:42:56.420681
NCBITaxon:40222,Methylophaga,2026-09-13T06:42:56.487353
NCBITaxon:403,Methylococcaceae,2026-09-13T06:42:56.523777
NCBITaxon:40323,Stenotrophomonas,2026-09-13T06:42:56.465604
NCBITaxon:40324,Stenotrophomonas maltophilia,2026-09-13T06:42:56.529519
NCBITaxon:40413,Desulforhopalus,2026-09-13T06:42:56.421014
NCBITaxon:404432,Salinicola,2026-09-13T06:42:56.421269
NCBITaxon:4054,Panax ginseng,2026-09-14T20:34:12
NCBITaxon:407,Methylobacterium,2026-09-13T06:42:56.427114
NCBITaxon:408,Methylorubrum extorquens,2026-09-13T06:42:56.546389
NCBITaxon:4081,Solanum lycopersicum,2026-09-13T06:42:56.468212
NCBITaxon:4097,Nicotiana tabacum,2026-09-13T21:26:33.537724
NCBITaxon:412449,Leptospirillum ferrodiazotrophum,2026-09-13T06:42:56.482670
NCBITaxon:414878,Catenulispora,2026-09-13T06:42:56.443309
NCBITaxon:416,Methylomonas,2026-09-13T06:42:56.524898
NCBITaxon:416169,Rhodanobacter thiooxydans,2026-09-13T06:42:56.492610
NCBITaxon:419541,Leptospirillum sp. Group II '5-way CG',2026-09-13T06:42:56.570300
NCBITaxon:423349,Mucilaginibacter,2026-09-13T06:42:56.497625
NCBITaxon:429,Methylobacter,2026-09-13T06:42:56.524369
NCBITaxon:429134,Sphingomonas desiccabilis,2026-09-13T06:42:56.448955
NCBITaxon:434,Acetobacter,2026-09-13T06:42:56.491798
NCBITaxon:43773,Syntrophus <bacteria>,2026-09-13T06:42:56.470672
NCBITaxon:43775,Syntrophus gentianae,2026-09-13T06:42:56.592737
NCBITaxon:441,Gluconobacter,2026-09-13T06:42:56.523290
NCBITaxon:44249,Paenibacillus,2026-09-13T06:42:56.498730
NCBITaxon:44752,Rhodococcus wratislaviensis,2026-09-13T06:42:56.565208
NCBITaxon:452922,Xenophilus aerolatus,2026-09-13T06:42:56.594223
NCBITaxon:4530,Oryza sativa,2026-09-13T06:42:56.421523
NCBITaxon:453960,Sulfobacillus benefaciens,2026-09-13T06:42:56.503323
NCBITaxon:4547,Saccharum officinarum,2026-09-13T06:42:56.586336
NCBITaxon:4577,Zea mays,2026-09-13T06:42:56.535125
NCBITaxon:45989,Methanoculleus,2026-09-13T06:42:56.421797
NCBITaxon:460519,Komagataella phaffii,2026-09-13T06:42:56.422060
NCBITaxon:46255,Weissella,2026-09-13T06:42:56.587854
NCBITaxon:469,Acinetobacter,2026-09-13T06:42:56.581224
NCBITaxon:46913,Devosia,2026-09-13T06:42:56.427418
NCBITaxon:470,Acinetobacter baumannii,2026-09-13T06:42:56.435235
NCBITaxon:470150,Pseudomonas taiwanensis,2026-09-13T08:24:50.000937
NCBITaxon:47420,Hydrogenophaga,2026-09-13T06:42:56.607049
NCBITaxon:47421,Hydrogenophaga pseudoflava,2026-09-13T06:42:56.569567
NCBITaxon:4751,Fungi,2026-09-13T06:42:56.574582
NCBITaxon:4757,Neocallimastix frontalis,2026-09-13T06:42:56.549665
NCBITaxon:47715,Lacticaseibacillus rhamnosus,2026-09-13T06:42:56.455106
NCBITaxon:47770,Lactobacillus crispatus,2026-09-13T06:42:56.464185
NCBITaxon:47880,Pseudomonas fulva,2026-09-13T06:42:56.505161
NCBITaxon:47920,Acidovorax delafieldii,2026-09-13T06:42:56.605519
NCBITaxon:48292,Hyphomicrobium zavarzinii,2026-09-13T06:42:56.426806
NCBITaxon:483199,Acetobacter fabarum,2026-09-13T06:42:56.452446
NCBITaxon:48736,Ralstonia,2026-09-13T10:02:14.999542
NCBITaxon:4876,Rhizophagus intraradices,2026-09-13T13:34:17.470583
NCBITaxon:487698,Stenotrophomonas pavanii,2026-09-13T06:42:56.562639
NCBITaxon:4890,Ascomycota,2026-09-13T06:42:56.519396
NCBITaxon:48936,Novosphingobium subterraneum,2026-09-13T06:42:56.569277
NCBITaxon:49082,Candidatus Neoarthromitus,2026-09-13T06:42:56.585171
NCBITaxon:4911,Kluyveromyces marxianus,2026-09-13T06:42:56.522706
NCBITaxon:4919,Pichia,2026-09-13T06:42:56.443567
NCBITaxon:492670,Bacillus velezensis,2026-09-13T06:42:56.446665
NCBITaxon:4930,Saccharomyces,2026-09-13T06:42:56.422327
NCBITaxon:4932,Saccharomyces cerevisiae,2026-09-13T06:42:56.475544
NCBITaxon:4948,Torulaspora,2026-09-13T06:42:56.588836
NCBITaxon:4952,Yarrowia lipolytica,2026-09-13T06:42:56.546692
NCBITaxon:4958,Debaryomyces,2026-09-13T06:42:56.462916
NCBITaxon:497726,Nitrososphaera,2026-09-13T06:42:56.430702
NCBITaxon:5052,Aspergillus <genus>,2026-09-13T06:42:56.558834
NCBITaxon:5059,Aspergillus flavus,2026-09-13T06:42:56.585457
NCBITaxon:5061,Aspergillus niger,2026-09-13T06:42:56.459772
NCBITaxon:507,Alcaligenes,2026-09-13T20:24:21.205530
NCBITaxon:50715,Acidisphaera rubrifaciens,2026-09-13T06:42:56.429804
NCBITaxon:5073,Penicillium,2026-09-13T06:42:56.463248
NCBITaxon:511145,Escherichia coli str. K-12 substr. MG1655,2026-09-13T06:42:56.475303
NCBITaxon:511746,Candidatus Methylacidiphilum infernorum,2026-09-13T06:42:56.540974
NCBITaxon:51453,Trichoderma reesei,2026-09-13T06:42:56.601627
NCBITaxon:515619,Agathobacter rectalis ATCC 33656,2026-09-13T06:42:56.445798
NCBITaxon:5180,Sclerotinia sclerotiorum,2026-09-13T10:02:15.018731
NCBITaxon:5204,Basidiomycota,2026-09-13T06:42:56.519722
NCBITaxon:5206,Cryptococcus <basidiomycete fungi>,2026-09-13T06:42:56.606174
NCBITaxon:521460,Caldicellulosiruptor bescii DSM 6725,2026-09-13T06:42:56.472504
NCBITaxon:522,Acidiphilium,2026-09-13T06:42:56.514649
NCBITaxon:52242,Lactobacillus gallinarum,2026-09-13T06:42:56.464522
NCBITaxon:524,Acidiphilium cryptum,2026-09-13T06:42:56.429209
NCBITaxon:525,Acidocella facilis,2026-09-13T06:42:56.429505
NCBITaxon:52972,Polaromonas,2026-09-13T06:42:56.556536
NCBITaxon:53335,Pantoea,2026-09-13T06:42:56.522461
NCBITaxon:536,Chromobacterium violaceum,2026-09-13T06:42:56.610036
NCBITaxon:53633,Sulfobacillus acidophilus,2026-09-13T06:42:56.517784
NCBITaxon:542,Zymomonas mobilis,2026-09-13T06:42:56.609047
NCBITaxon:54298,Chroococcidiopsis,2026-09-13T06:42:56.536181
NCBITaxon:546,Citrobacter freundii,2026-09-13T06:42:56.478328
NCBITaxon:547,Enterobacter,2026-09-13T06:42:56.490702
NCBITaxon:5475,Candida,2026-09-13T06:42:56.588431
NCBITaxon:5476,Candida albicans,2026-09-13T06:42:56.573927
NCBITaxon:5480,Candida parapsilosis,2026-09-13T06:42:56.459408
NCBITaxon:549,Pantoea agglomerans,2026-09-13T06:42:56.595402
NCBITaxon:5498,Cladosporium,2026-09-13T06:42:56.597496
NCBITaxon:550,Enterobacter cloacae,2026-09-13T06:42:56.533735
NCBITaxon:5507,Fusarium oxysporum,2026-09-13T06:42:56.444778
NCBITaxon:55080,Brevibacillus,2026-09-13T06:42:56.498376
NCBITaxon:553,Pantoea ananatis,2026-09-13T06:42:56.520229
NCBITaxon:5535,Rhodotorula glutinis,2026-09-13T06:42:56.591544
NCBITaxon:5544,Trichoderma harzianum,2026-09-13T06:42:56.558146
NCBITaxon:5547,Trichoderma viride,2026-09-13T06:42:56.608393
NCBITaxon:5552,Trichosporon,2026-09-13T06:42:56.587537
NCBITaxon:561,Escherichia,2026-09-13T06:42:56.564240
NCBITaxon:56112,Dehalobacter,2026-09-13T06:42:56.600199
NCBITaxon:561879,Bacillus safensis,2026-09-13T06:42:56.586042
NCBITaxon:562,Escherichia coli,2026-09-13T06:42:56.422603
NCBITaxon:565,Atlantibacter hermannii,2026-09-13T06:42:56.503578
NCBITaxon:56780,Syntrophus aciditrophicus SB,2026-09-13T06:42:56.592434
NCBITaxon:570,Klebsiella,2026-09-13T06:42:56.422870
NCBITaxon:571256,Brucella pituitosa,2026-09-13T06:42:56.533975
NCBITaxon:5722,Trichomonas vaginalis,2026-09-13T06:42:56.448226
NCBITaxon:572511,Blautia,2026-09-13T06:42:56.423138
NCBITaxon:572545,Acetivibrio thermocellus DSM 2360,2026-09-13T06:42:56.475865
NCBITaxon:573061,Clostridium cellulovorans 743B,2026-09-13T06:42:56.473039
NCBITaxon:573657,Candidatus Hodgkinia,2026-09-13T06:42:56.451319
NCBITaxon:574561,Rhizobium pisi,2026-09-13T06:42:56.555893
NCBITaxon:57723,Acidobacteriota,2026-09-13T06:42:56.494537
NCBITaxon:587753,Pseudomonas chlororaphis,2026-09-13T06:42:56.446423
NCBITaxon:588814,Candidatus Methanophagales,2026-09-13T06:42:56.431603
NCBITaxon:588816,ANME-2 cluster,2026-09-13T06:42:56.432202
NCBITaxon:592050,Acidovorax soli,2026-09-13T06:42:56.593921
NCBITaxon:59732,Chryseobacterium,2026-09-13T06:42:56.607736
NCBITaxon:59814,Pantoea dispersa,2026-09-13T06:42:56.504906
NCBITaxon:599737,Wickerhamomyces,2026-09-13T06:42:56.589448
NCBITaxon:613,Serratia <enterobacteria>,2026-09-13T06:42:56.594810
NCBITaxon:61434,Dehalococcoides,2026-09-13T06:42:56.521137
NCBITaxon:61435,Dehalococcoides mccartyi,2026-09-13T06:42:56.490155
NCBITaxon:61624,Paenibacillus mucilaginosus,2026-09-13T06:42:56.529274
NCBITaxon:62140,Acidiphilium multivorum,2026-09-13T06:42:56.428611
NCBITaxon:6239,Caenorhabditis elegans,2026-09-13T06:42:56.460041
NCBITaxon:632335,Caldicellulosiruptor acetigenus I77R1B,2026-09-13T06:42:56.458976
NCBITaxon:63743,Natronomonas,2026-09-13T06:42:56.575327
NCBITaxon:64104,Bacillus pseudomycoides,2026-09-13T06:42:56.504303
NCBITaxon:641853,Elusimicrobia,2026-09-13T06:42:56.509784
NCBITaxon:644,Aeromonas hydrophila,2026-09-13T06:42:56.435539
NCBITaxon:64702,Propionibacterium cyclohexanicum,2026-09-13T06:42:56.423410
NCBITaxon:648995,Agrobacterium pusense,2026-09-13T06:42:56.580658
NCBITaxon:651137,Nitrososphaerota,2026-09-13T06:42:56.548560
NCBITaxon:659243,Bacillus siamensis,2026-09-13T06:42:56.443866
NCBITaxon:666685,Rhodanobacter denitrificans,2026-09-13T06:42:56.551019
NCBITaxon:668369,Escherichia coli DH5[alpha],2026-09-13T06:42:56.486176
NCBITaxon:67372,Streptomyces variabilis,2026-09-13T06:42:56.611351
NCBITaxon:67812,Candidatus Omnitrophota,2026-09-13T06:42:56.548885
NCBITaxon:68,Lysobacter,2026-09-13T06:42:56.496512
NCBITaxon:68239,Streptomyces mirabilis,2026-09-13T06:42:56.550606
NCBITaxon:68287,Mesorhizobium,2026-09-13T06:42:56.502086
NCBITaxon:69373,Curtobacterium pusillum,2026-09-13T06:42:56.534641
NCBITaxon:69488,Penicillium simplicissimum,2026-09-13T06:42:56.449275
NCBITaxon:69823,Selenomonas sputigena,2026-09-13T06:42:56.574265
NCBITaxon:70448,Ostreococcus tauri,2026-09-13T06:42:56.553756
NCBITaxon:70863,Shewanella oneidensis,2026-09-13T06:42:56.479616
NCBITaxon:7227,Drosophila melanogaster,2026-09-13T06:42:56.492079
NCBITaxon:72360,Bacillus mojavensis,2026-09-13T16:15:34.197789
NCBITaxon:72361,Bacillus vallismortis,2026-09-13T06:42:56.444513
NCBITaxon:74030,Roseovarius,2026-09-13T06:42:56.480760
NCBITaxon:74201,Verrucomicrobiota,2026-09-13T06:42:56.560867
NCBITaxon:74969,Ferroplasma acidiphilum,2026-09-13T06:42:56.430998
NCBITaxon:75,Caulobacter,2026-09-13T06:42:56.550287
NCBITaxon:75105,Paraburkholderia caribensis,2026-09-13T06:42:56.501107
NCBITaxon:75654,Duganella,2026-09-13T06:42:56.467723
NCBITaxon:75682,Oxalobacteraceae,2026-09-13T06:42:56.527112
NCBITaxon:76759,Pseudomonas monteilii,2026-09-13T06:42:56.546939
NCBITaxon:76890,Asticcacaulis,2026-09-13T06:42:56.599295
NCBITaxon:79206,Desulfosporosinus,2026-09-13T06:42:56.511902
NCBITaxon:79328,Chitinophaga,2026-09-13T06:42:56.497299
NCBITaxon:795830,Candidatus Brocadia sinica,2026-09-13T06:42:56.438516
NCBITaxon:80840,Burkholderiales,2026-09-13T06:42:56.443051
NCBITaxon:80866,Delftia acidovorans,2026-09-13T06:42:56.605847
NCBITaxon:816,Bacteroides,2026-09-13T06:42:56.518864
NCBITaxon:817,Bacteroides fragilis,2026-09-13T06:42:56.424122
NCBITaxon:818,Bacteroides thetaiotaomicron,2026-09-13T06:42:56.424722
NCBITaxon:82,Hyphomicrobium sp.,2026-09-13T06:42:56.540729
NCBITaxon:821,Phocaeicola vulgatus,2026-09-13T06:42:56.454253
NCBITaxon:82367,Paracoccus pantotrophus,2026-09-13T06:42:56.567041
NCBITaxon:82380,Microbacterium oxydans,2026-09-13T06:42:56.552156
NCBITaxon:82803,Trichococcus flocculiformis,2026-09-13T06:42:56.600927
NCBITaxon:831,Butyrivibrio fibrisolvens,2026-09-13T06:42:56.456540
NCBITaxon:83333,Escherichia coli K-12,2026-09-13T06:42:56.454832
NCBITaxon:83677,Thermobifida,2026-09-13T06:42:56.477244
NCBITaxon:84022,Andreesenella acetica,2026-09-13T06:42:56.484169
NCBITaxon:84023,Clostridium autoethanogenum,2026-09-13T06:42:56.471677
NCBITaxon:84565,Sodalis,2026-09-13T06:42:56.450114
NCBITaxon:84567,Pedobacter,2026-09-13T06:42:56.567353
NCBITaxon:853,Faecalibacterium prausnitzii,2026-09-13T06:42:56.513912
NCBITaxon:85413,Allobosea,2026-09-13T06:42:56.455713
NCBITaxon:857252,Halopseudomonas aestusnigri,2026-09-13T06:42:56.507977
NCBITaxon:862,Syntrophomonas,2026-09-13T06:42:56.606589
NCBITaxon:86265,Pseudomonas thivervalensis,2026-09-14T20:34:12
NCBITaxon:863,Syntrophomonas wolfei,2026-09-13T06:42:56.489820
NCBITaxon:86664,Priestia flexa,2026-09-13T06:42:56.425023
NCBITaxon:86795,Marmoricola,2026-09-13T06:42:56.497006
NCBITaxon:870529,Bacillus sp. DB7,2026-09-13T06:42:56.552539
NCBITaxon:870530,Klebsiella sp. DB13,2026-09-13T06:42:56.553443
NCBITaxon:870532,Ochrobactrum sp. DB8,2026-09-13T06:42:56.552985
NCBITaxon:871203,Caballeronia zhejiangensis,2026-09-13T10:02:14.961718
NCBITaxon:872,Desulfovibrio,2026-09-13T06:42:56.470121
NCBITaxon:876,Desulfovibrio desulfuricans,2026-09-13T06:42:56.491558
NCBITaxon:881,Nitratidesulfovibrio vulgaris,2026-09-13T06:42:56.462005
NCBITaxon:882,Nitratidesulfovibrio vulgaris str. Hildenborough,2026-09-13T06:42:56.474818
NCBITaxon:88730,Pinus massoniana,2026-09-13T06:42:56.445099
NCBITaxon:893,Desulfobulbus,2026-09-13T06:42:56.539807
NCBITaxon:90371,Salmonella enterica subsp. enterica serovar Typhimurium,2026-09-13T06:42:56.500187
NCBITaxon:904,Acidaminococcus,2026-09-13T06:42:56.507723
NCBITaxon:90964,Staphylococcaceae,2026-09-13T06:42:56.576754
NCBITaxon:91061,Bacilli,2026-09-13T06:42:56.510383
NCBITaxon:913,Nitrobacter winogradskyi,2026-09-13T06:42:56.605061
NCBITaxon:915,Nitrosomonas europaea,2026-09-13T06:42:56.604679
NCBITaxon:919,Thiobacillus,2026-09-13T06:42:56.469636
NCBITaxon:920,Acidithiobacillus ferrooxidans,2026-09-13T06:42:56.441891
NCBITaxon:92645,Herbaspirillum frisingense,2026-09-13T06:42:56.534376
NCBITaxon:930,Acidithiobacillus thiooxidans,2026-09-13T06:42:56.478570
NCBITaxon:930166,Pseudomonas brassicacearum,2026-09-13T06:42:56.440518
NCBITaxon:94130,Rhizophagus clarus,2026-09-13T13:34:17.444825
NCBITaxon:94625,Brucella intermedia,2026-09-13T06:42:56.556217
NCBITaxon:96,Gallionella,2026-09-13T06:42:56.436131
NCBITaxon:9606,Homo sapiens,2026-09-13T06:42:56.448618
NCBITaxon:971,Selenomonas ruminantium,2026-09-13T06:42:56.456886
NCBITaxon:97393,Ferroplasma acidarmanus,2026-09-13T06:42:56.570629
NCBITaxon:976,Bacteroidota,2026-09-13T06:42:56.426495
NCBITaxon:986,Flavobacterium johnsoniae,2026-09-13T06:42:56.593034
